t,u,r,time_s
1780876719.5637295,0.0,0.12,0.077850341796875
1780876719.6637063,0.0,0.12,0.1778271198272705
1780876719.763762,0.0,0.12,0.27788281440734863
1780876719.8637602,0.0,0.12,0.3778810501098633
1780876719.964241,0.0,0.12,0.4783618450164795
1780876720.0638864,0.0,0.12,0.5780072212219238
1780876720.1637988,0.0,0.12,0.6779196262359619
1780876720.2639863,0.0,0.12,0.7781071662902832
1780876720.3637283,0.0,0.12,0.8778491020202637
1780876720.4640317,0.0,0.12,0.9781525135040283
1780876720.5637336,0.0,0.12,1.0778543949127197
1780876720.6638587,0.0,0.12,1.1779794692993164
1780876720.7638254,0.0,0.12,1.2779462337493896
1780876720.8641524,0.0,0.12,1.3782732486724854
1780876720.9637382,0.0,0.12,1.4778590202331543
1780876721.0641482,0.0,0.12,1.5782690048217773
1780876721.1638403,0.0,0.12,1.6779611110687256
1780876721.263789,0.0,0.12,1.777909755706787
1780876721.3636847,0.0,0.12,1.877805471420288
1780876721.464745,0.0,0.12,1.9788658618927002
1780876721.564091,0.0,0.12,2.078211784362793
1780876721.663749,0.0,0.12,2.1778697967529297
1780876721.763727,0.0,0.12,2.2778477668762207
1780876721.8642426,0.0,0.12,2.3783633708953857
1780876721.9637456,0.0,0.12,2.4778664112091064
1780876722.0637562,0.0,0.12,2.5778770446777344
1780876722.1641338,0.0,0.12,2.6782546043395996
1780876722.2637613,0.0,0.12,2.7778820991516113
1780876722.3639574,0.0,0.12,2.8780782222747803
1780876722.4641151,0.0,0.12,2.978235960006714
1780876722.5641994,0.0,0.12,3.078320264816284
1780876722.6637523,0.0,0.12,3.177873134613037
1780876722.7640069,0.0,0.12,3.278127670288086
1780876722.864315,0.0,0.09999999999999999,3.3784358501434326
1780876722.9637735,0.0,0.07999999999999999,3.4778943061828613
1780876723.0638335,0.0,0.059999999999999984,3.5779542922973633
1780876723.163785,0.0,0.03999999999999998,3.677905797958374
1780876723.2639408,0.0,0.01999999999999998,3.778061628341675
1780876723.3645036,-0.03,-2.0816681711721685e-17,3.878624439239502
1780876723.4640477,-0.03,-0.02000000000000002,3.978168487548828
1780876723.5639155,-0.04000000000000001,-0.04000000000000002,4.078036308288574
1780876723.6643958,-0.04000000000000001,-0.060000000000000026,4.178516626358032
1780876723.763938,-0.04000000000000001,-0.08000000000000003,4.278058767318726
1780876723.8643546,-0.04000000000000001,-0.10000000000000003,4.3784754276275635
1780876723.9639606,-0.04000000000000001,-0.12000000000000004,4.478081464767456
1780876724.064143,-0.04000000000000001,-0.14000000000000004,4.578263759613037
1780876724.1654406,-0.04000000000000001,-0.16000000000000003,4.679561376571655
1780876724.2639828,-0.04000000000000001,-0.17050257454065745,4.778103590011597
1780876724.3641462,0.0,-0.15050257454065746,4.878267049789429
1780876724.4647996,0.0,-0.13050257454065747,4.9789204597473145
1780876724.5638351,0.0,-0.11050257454065747,5.077955961227417
1780876724.6638126,0.0,-0.09050257454065747,5.17793345451355
1780876724.764121,0.0,-0.07050257454065746,5.278241872787476
1780876724.8639612,0.0,-0.05050257454065746,5.378082036972046
1780876724.965843,-0.04000000000000001,-0.07050257454065746,5.479963779449463
1780876725.0638525,-0.04000000000000001,-0.09050257454065747,5.577973365783691
1780876725.1639166,-0.04000000000000001,-0.11050257454065747,5.678037405014038
1780876725.2644873,-0.04000000000000001,-0.13050257454065747,5.778608083724976
1780876725.3639328,-0.04000000000000001,-0.15050257454065746,5.878053665161133
1780876725.465101,-0.04000000000000001,-0.15171402575018111,5.979221820831299
1780876725.5641258,-0.04000000000000001,-0.15074280002693655,6.078246593475342
1780876725.6638036,-0.04000000000000001,-0.149516778262163,6.177924394607544
1780876725.7639096,-0.04000000000000001,-0.14873326626709352,6.2780303955078125
1780876725.8639169,-0.04000000000000001,-0.14836778020779637,6.378037691116333
1780876725.9647615,-0.04000000000000001,-0.1477080763701328,6.478882312774658
1780876726.0637932,-0.04000000000000001,-0.14711287690420655,6.577913999557495
1780876726.1639218,-0.04000000000000001,-0.14687646013422254,6.678042650222778
1780876726.2642174,-0.04000000000000001,-0.146245110010446,6.778338193893433
1780876726.3644733,-0.04000000000000001,-0.1455998119902993,6.878594160079956
1780876726.464088,-0.04000000000000001,-0.14530694917157502,6.978208780288696
1780876726.5639234,-0.04000000000000001,-0.14466232505952636,7.078044176101685
1780876726.6639132,-0.04000000000000001,-0.1442465770146701,7.178034067153931
1780876726.7640657,-0.04000000000000001,-0.1432217270304603,7.278186559677124
1780876726.864106,-0.04000000000000001,-0.14239479806122662,7.3782267570495605
1780876726.9638815,-0.04000000000000001,-0.1414782635753239,7.478002309799194
1780876727.064261,-0.04000000000000001,-0.14077292418327286,7.578381776809692
1780876727.1639774,-0.04000000000000001,-0.13978177694869365,7.678098201751709
1780876727.2638876,-0.04000000000000001,-0.1389569270277213,7.778008460998535
1780876727.363817,-0.04000000000000001,-0.1385206252305679,7.8779377937316895
1780876727.464108,-0.04000000000000001,-0.13756365967288597,7.978228807449341
1780876727.5643275,-0.04000000000000001,-0.13701665098645865,8.078448295593262
1780876727.6639876,-0.04000000000000001,-0.136379166017835,8.17810845375061
1780876727.7639115,-0.04000000000000001,-0.1355687638279497,8.278032302856445
1780876727.863978,-0.04000000000000001,-0.1352119812777955,8.378098726272583
1780876727.9648693,-0.04000000000000001,-0.134756522072098,8.478990077972412
1780876728.0642948,-0.04000000000000001,-0.133800680492162,8.578415632247925
1780876728.1639512,-0.04000000000000001,-0.13306930944565817,8.678071975708008
1780876728.263774,-0.04000000000000001,-0.13232435761333694,8.777894735336304
1780876728.3641431,-0.04000000000000001,-0.1315331641212902,8.8782639503479
1780876728.4639838,-0.04000000000000001,-0.13089653536675136,8.978104591369629
1780876728.563972,-0.04000000000000001,-0.12991832347999657,9.078092813491821
1780876728.6637626,-0.04000000000000001,-0.12922090863622496,9.177883386611938
1780876728.764044,-0.04000000000000001,-0.12874661788402406,9.278164863586426
1780876728.8637798,-0.04000000000000001,-0.12811333394159063,9.37790060043335
1780876728.964592,-0.04000000000000001,-0.12736606554611246,9.478712797164917
1780876729.0637937,-0.04000000000000001,-0.12647754872918185,9.577914476394653
1780876729.163849,-0.04000000000000001,-0.12577599808597248,9.677969932556152
1780876729.2643003,-0.04000000000000001,-0.12509067560959314,9.77842116355896
1780876729.364017,-0.04000000000000001,-0.12401350474444271,9.878137826919556
1780876729.4644883,-0.04000000000000001,-0.12298023817273143,9.978609085083008
1780876729.5638647,-0.04000000000000001,-0.1215778026328133,10.077985525131226
1780876729.6637878,-0.04000000000000001,-0.1204750058090098,10.177908658981323
1780876729.7638454,-0.04000000000000001,-0.1189921940317523,10.277966260910034
1780876729.8638659,-0.04000000000000001,-0.11869049896980942,10.377986669540405
1780876729.9641178,-0.04000000000000001,-0.11620538298202197,10.478238582611084
1780876730.0650034,-0.04000000000000001,-0.11470435189485438,10.579124212265015
1780876730.1642082,-0.04000000000000001,-0.11256534436357746,10.67832899093628
1780876730.2637873,-0.04000000000000001,-0.11103432245783387,10.777908086776733
1780876730.363824,-0.05,-0.1093395859676529,10.877944707870483
1780876730.464945,-0.05,-0.10723988760914513,10.979065895080566
1780876730.563961,-0.05,-0.10517433223439716,11.078081846237183
1780876730.664088,-0.05,-0.10365348299651288,11.178208827972412
1780876730.7640512,-0.05,-0.10246878295864972,11.278172016143799
1780876730.8641536,-0.05,-0.09961192984720293,11.37827444076538
1780876730.9639878,-0.05,-0.09734584202352117,11.478108644485474
1780876731.0638795,-0.05,-0.09593360176184058,11.57800030708313
1780876731.1638038,-0.05,-0.09353508310113418,11.677924633026123
1780876731.2640605,-0.05,-0.09189684626051746,11.778181314468384
1780876731.3638594,-0.05,-0.08961146152153805,11.87798023223877
1780876731.464578,-0.05,-0.08876150092517159,11.97869873046875
1780876731.5641406,-0.05,-0.08641659696646577,12.078261375427246
1780876731.663935,-0.05,-0.08456380277246874,12.178055763244629
1780876731.763981,-0.05,-0.0835867271567808,12.278101921081543
1780876731.8639274,-0.05,-0.08147851220969546,12.378048181533813
1780876731.9640434,-0.05,-0.07964366366773887,12.478164196014404
1780876732.0638604,-0.05,-0.07771031997319368,12.577981233596802
1780876732.1641169,-0.05,-0.07648244504228324,12.678237676620483
1780876732.2639868,-0.05,-0.07518163597305706,12.778107643127441
1780876732.3642817,-0.05,-0.07393263235943257,12.878402471542358
1780876732.4639497,-0.05,-0.07291176887873785,12.978070497512817
1780876732.5644174,-0.05,-0.0712673018532786,13.078538179397583
1780876732.6639862,-0.05,-0.0696390688559269,13.178107023239136
1780876732.7640388,-0.05,-0.06802809889417484,13.278159618377686
1780876732.8640568,-0.05,-0.06685949172785471,13.378177642822266
1780876732.9640064,-0.05,-0.06505682772247398,13.478127241134644
1780876733.0638466,-0.05,-0.06380033237902005,13.577967405319214
1780876733.1644251,-0.05,-0.06345387435824165,13.678545951843262
1780876733.2639148,-0.05,-0.061734666278437635,13.778035640716553
1780876733.364028,-0.05,-0.06095634277480725,13.878148794174194
1780876733.4639113,-0.05,-0.060581546602614486,13.978032112121582
1780876733.5647905,-0.05,-0.058643460064265206,14.078911304473877
1780876733.663939,-0.05,-0.057995589549986896,14.178059816360474
1780876733.7638168,-0.05,-0.0562576181263626,14.277937650680542
1780876733.8638432,-0.05,-0.055917176774142936,14.37796401977539
1780876733.9639275,-0.05,-0.05410444402680756,14.478048324584961
1780876734.0640068,-0.05,-0.05331078733903261,14.57812762260437
1780876734.1638823,-0.05,-0.05172825353830035,14.678003072738647
1780876734.2639232,-0.05,-0.050808507937248226,14.778043985366821
1780876734.36428,-0.1,-0.04902463645417744,14.878400802612305
1780876734.4646094,-0.1,-0.04762422966982694,14.978730201721191
1780876734.5641646,-0.1,-0.045956379279077975,15.078285455703735
1780876734.6638658,-0.1,-0.044412214413554585,15.17798662185669
1780876734.7638638,-0.1,-0.043158747593998195,15.277984619140625
1780876734.8637729,-0.1,-0.04170881597595447,15.377893686294556
1780876734.9644365,-0.1,-0.04039944842571699,15.478557348251343
1780876735.0639448,-0.1,-0.03831204246630292,15.578065633773804
1780876735.1638846,-0.1,-0.03675767171658129,15.678005456924438
1780876735.2641125,-0.1,-0.03507211177891099,15.778233289718628
1780876735.3639264,-0.1,-0.03369097932718566,15.878047227859497
1780876735.4639425,-0.1,-0.03209904514661934,15.978063344955444
1780876735.5639105,-0.1,-0.030730284058156858,16.078031301498413
1780876735.6637843,-0.1,-0.029053215727264454,16.177905082702637
1780876735.7638857,-0.1,-0.027977309750936773,16.278006553649902
1780876735.8639717,-0.1,-0.0266784517103269,16.378092527389526
1780876735.9638028,-0.1,-0.025105507729583178,16.47792363166809
1780876736.0640776,-0.1,-0.023534539536209646,16.578198432922363
1780876736.1641104,-0.1,-0.02207966130546726,16.678231239318848
1780876736.263816,-0.1,-0.020913996073707947,16.777936935424805
1780876736.3638284,-0.1,-0.01931226508842148,16.877949237823486
1780876736.4639335,-0.1,-0.01799412443264846,16.97805428504944
1780876736.5643456,-0.1,-0.016703161917194863,17.078466415405273
1780876736.6639402,-0.1,-0.009660772603858352,17.17806100845337
1780876736.764018,-0.1,-0.01,17.278138875961304
1780876736.8643172,-0.1,-0.01,17.378437995910645
1780876736.9642997,-0.1,-0.01,17.47842049598694
1780876737.063941,-0.1,-0.01,17.578061819076538
1780876737.1642554,-0.1,-0.01,17.67837619781494
1780876737.2639148,-0.1,-0.01,17.778035640716553
1780876737.363957,-0.1,-0.01,17.878077745437622
1780876737.4637914,-0.1,-0.01,17.977912187576294
1780876737.563936,-0.1,-0.01,18.078056812286377
1780876737.6639318,-0.1,-0.01,18.1780526638031
1780876737.7639887,-0.1,-0.01,18.278109550476074
1780876737.8639276,-0.1,-0.01,18.378048419952393
1780876737.9639437,-0.1,-0.0029766673751771954,18.47806453704834
1780876738.0638142,-0.1,-0.0026429705166370492,18.577934980392456
1780876738.164791,-0.1,-0.0018097845196284957,18.678911924362183
1780876738.2639742,-0.1,0.0009268905415810592,18.77809500694275
1780876738.363914,-0.1,0.002798658754286506,18.878034830093384
1780876738.4642017,-0.1,0.0044059186662592665,18.978322505950928
1780876738.5642915,-0.1,0.005576241016796924,19.078412294387817
1780876738.6639242,-0.1,0.00660549870162482,19.17804503440857
1780876738.7639427,-0.1,0.007454064166208987,19.278063535690308
1780876738.8639247,-0.1,0.008511241253417227,19.378045558929443
1780876738.964439,-0.1,0.009359445067668969,19.478559732437134
1780876739.064466,-0.1,0.01001424396221952,19.57858681678772
1780876739.163825,-0.1,0.01068184654346114,19.677945852279663
1780876739.263942,-0.1,0.011251032808908257,19.77806282043457
1780876739.3638785,-0.1,0.011706835118592482,19.877999305725098
1780876739.46389,-0.1,0.012826638531779693,19.978010892868042
1780876739.5640876,-0.1,0.013329220947344901,20.078208446502686
1780876739.6648254,-0.1,0.013777487137435606,20.178946256637573
1780876739.7642858,-0.1,0.014190992629798437,20.278406620025635
1780876739.8645864,-0.1,0.014428879151676574,20.37870717048645
1780876739.9638948,-0.1,0.014956121515484108,20.478015661239624
1780876740.0638938,-0.1,0.015997762091887184,20.578014612197876
1780876740.1643343,-0.1,0.016068693213173044,20.678455114364624
1780876740.264211,-0.1,0.01648210672958562,20.778331756591797
1780876740.3638198,-0.1,0.016839657173364754,20.87794065475464
1780876740.4648821,-0.1,0.017368247154081848,20.979002952575684
1780876740.5638292,-0.1,0.018635939455739835,21.07795000076294
1780876740.6638207,-0.1,0.019421382625386712,21.17794156074524
1780876740.7643425,-0.1,0.020072625012764068,21.27846336364746
1780876740.864349,-0.1,0.02086823128150092,21.378469705581665
1780876740.9639914,-0.1,0.021232367129183714,21.47811222076416
1780876741.064117,-0.1,0.021913402772489,21.578237771987915
1780876741.1644566,-0.1,0.021680197189813954,21.678577423095703
1780876741.2640057,-0.1,0.02158577025594283,21.77812647819519
1780876741.3639088,-0.1,0.022394911177142648,21.878029584884644
1780876741.4639494,-0.1,0.023085277071222352,21.97807025909424
1780876741.5639567,-0.1,0.0238709036709584,22.07807755470276
1780876741.6644402,-0.1,0.024316284368341226,22.178560972213745
1780876741.763919,-0.1,0.024312314794093723,22.278039932250977
1780876741.863916,-0.1,0.024872984532868046,22.378036737442017
1780876741.9648135,-0.1,0.025450063641770066,22.478934288024902
1780876742.0641773,-0.1,0.025883944751715897,22.578298091888428
1780876742.1638052,-0.1,0.026460279833294895,22.677926063537598
1780876742.2638695,-0.1,0.027034073025904246,22.777990341186523
1780876742.3642294,-0.1,0.027419107398985555,22.878350257873535
1780876742.4641943,-0.1,0.027691793165841673,22.978315114974976
1780876742.564129,-0.1,0.027931818848421896,23.07824993133545
1780876742.66416,-0.1,0.028207475800644637,23.1782808303833
1780876742.7643824,-0.1,0.028261238701870632,23.27850317955017
1780876742.8641315,-0.1,0.028580679529361205,23.378252267837524
1780876742.96401,-0.1,0.029054557427251302,23.47813081741333
1780876743.064355,-0.1,0.02938259019106141,23.57847571372986
1780876743.1641793,-0.1,0.029676464155480958,23.678300142288208
1780876743.2638607,-0.1,0.029830985470540018,23.777981519699097
1780876743.3640227,-0.1,0.029959238340273503,23.878143548965454
1780876743.4640322,-0.1,0.030227467949255186,23.978152990341187
1780876743.564413,-0.1,0.030632679561528195,24.07853388786316
1780876743.6638124,-0.1,0.031061745912226258,24.17793321609497
1780876743.7640343,-0.1,0.03141515179978912,24.278155088424683
1780876743.8641145,-0.1,0.0317395560284917,24.378235340118408
1780876743.9638152,-0.1,0.03202422962705965,24.477936029434204
1780876744.0639086,-0.1,0.03229717808550246,24.57802939414978
1780876744.1637826,-0.1,0.032516022455970725,24.677903413772583
1780876744.2639468,-0.1,0.03259762220462272,24.778067588806152
1780876744.363809,-0.05,0.03271669363777353,24.87792992591858
1780876744.4639447,-0.05,0.032972594188720075,24.978065490722656
1780876744.5639784,-0.05,0.03317216374957559,25.078099250793457
1780876744.6644197,-0.05,0.033424876194718726,25.178540468215942
1780876744.76392,-0.05,0.03369122267896118,25.278040885925293
1780876744.8638935,-0.05,0.03379462323031992,25.37801432609558
1780876744.963909,-0.05,0.03397257762781754,25.47802972793579
1780876745.064218,-0.05,0.034239409374239436,25.578338861465454
1780876745.1639218,-0.05,0.03443316264166386,25.67804265022278
1780876745.2638054,-0.05,0.03466246453894226,25.777926206588745
1780876745.3641431,-0.05,0.035091624442363765,25.8782639503479
1780876745.4637916,-0.05,0.03529422556959209,25.977912425994873
1780876745.563951,-0.05,0.035551977980759465,26.07807183265686
1780876745.663816,-0.05,0.035866204462715906,26.177936792373657
1780876745.7638626,-0.05,0.03606486195010676,26.27798342704773
1780876745.863804,-0.05,0.036263713578486324,26.377924919128418
1780876745.964525,-0.05,0.03649052298726516,26.47864580154419
1780876746.0638857,-0.05,0.03676148366182116,26.578006505966187
1780876746.163918,-0.05,0.036906902563485354,26.678038835525513
1780876746.263827,-0.05,0.037046672879358616,26.777947902679443
1780876746.3637712,-0.05,0.03721351145217911,26.877892017364502
1780876746.463973,-0.05,0.03728210925939443,26.97809386253357
1780876746.5645316,-0.05,0.03745916713709305,27.078652381896973
1780876746.664585,-0.05,0.037643942213321506,27.17870593070984
1780876746.7645504,-0.05,0.03762775969891986,27.278671264648438
1780876746.8639696,-0.05,0.03783415758741067,27.378090381622314
1780876746.963799,-0.05,0.03799928330206243,27.477919816970825
1780876747.0638816,-0.05,0.03800545217017898,27.578002452850342
1780876747.1643455,-0.05,0.0381539318620215,27.678466320037842
1780876747.2638729,-0.05,0.03822134453988672,27.77799367904663
1780876747.3637779,-0.05,0.038231803825898185,27.877898693084717
1780876747.4639907,-0.05,0.038417172616662026,27.978111505508423
1780876747.5638413,-0.05,0.03847100084288354,28.077962160110474
1780876747.6639545,-0.05,0.038561012909709466,28.178075313568115
1780876747.765041,-0.05,0.038531212233966945,28.27916193008423
1780876747.8644097,-0.05,0.038512506092914206,28.378530502319336
1780876747.9645352,-0.05,0.03857175967334665,28.47865605354309
1780876748.0637977,-0.05,0.038536052395941926,28.577918529510498
1780876748.1638224,-0.05,0.03854307014443853,28.677943229675293
1780876748.263865,-0.05,0.038619934355889896,28.77798581123352
1780876748.3638191,-0.05,0.03857726848579381,28.8779399394989
1780876748.4639475,-0.05,0.03863499712714804,28.978068351745605
1780876748.563981,-0.05,0.038587904913401826,29.078101873397827
1780876748.664476,-0.05,0.03869687031603153,29.17859673500061
1780876748.7639976,-0.05,0.0386518206937448,29.2781183719635
1780876748.8637943,-0.05,0.03864284699495894,29.377915143966675
1780876748.9642346,-0.05,0.038564307498285995,29.478355407714844
1780876749.0639446,-0.05,0.03862133233168632,29.578065395355225
1780876749.1638408,-0.05,0.03849739608528427,29.677961587905884
1780876749.2644126,-0.05,0.038490383517116124,29.778533458709717
1780876749.3642766,-0.05,0.03834867194040177,29.878397464752197
1780876749.464047,-0.05,0.03835092921405128,29.97816777229309
1780876749.5640554,-0.05,0.03819885921204187,30.078176259994507
1780876749.6641157,-0.05,0.03801122781831104,30.178236484527588
1780876749.7639632,-0.05,0.037916518150289374,30.27808403968811
1780876749.8639643,-0.05,0.03771955246784369,30.378085136413574
1780876749.9640849,-0.05,0.03755725149101688,30.478205680847168
1780876750.064479,-0.05,0.03740409736965752,30.57859992980957
1780876750.1639438,-0.05,0.037237643583160625,30.678064584732056
1780876750.2639842,-0.05,0.03719661322868362,30.77810502052307
1780876750.364206,-0.05,0.036979505589702776,30.878326892852783
1780876750.4639213,-0.05,0.03669551454046969,30.978042125701904
1780876750.56384,-0.05,0.03661187954010905,31.077960729599
1780876750.664475,-0.05,0.03641215079819162,31.178595781326294
1780876750.763873,-0.05,0.03621272087090205,31.27799391746521
1780876750.8641102,-0.05,0.036118315605935425,31.378231048583984
1780876750.9639454,-0.05,0.03590329669980479,31.478066205978394
1780876751.0639398,-0.05,0.035754879610676464,31.578060626983643
1780876751.163889,-0.05,0.03561822439514161,31.678009748458862
1780876751.2640176,-0.05,0.03542064779685171,31.778138399124146
1780876751.3640978,-0.05,0.035170271856994124,31.87821865081787
1780876751.4639506,-0.05,0.03500308885999196,31.978071451187134
1780876751.5638213,-0.05,0.03455797088425958,32.07794213294983
1780876751.6639717,-0.05,0.0342134929249853,32.17809247970581
1780876751.764033,-0.05,0.03399159669646514,32.27815389633179
1780876751.864228,-0.05,0.033584195552134516,32.37834882736206
1780876751.9640706,-0.05,0.03321722728336672,32.47819137573242
1780876752.0638292,-0.05,0.03289866830502718,32.57795000076294
1780876752.1638818,-0.05,0.03258305838422433,32.67800259590149
1780876752.264014,-0.05,0.03218775440427121,32.77813482284546
1780876752.3638158,-0.05,0.0318165056686284,32.877936601638794
1780876752.4639547,-0.05,0.03145036189849478,32.97807550430298
1780876752.564165,-0.05,0.031186965637607342,33.078285932540894
1780876752.6641424,-0.05,0.030812105334818495,33.17826318740845
1780876752.763887,-0.05,0.030561495063138197,33.2780077457428
1780876752.8641276,-0.05,0.030203794602923745,33.37824845314026
1780876752.9639523,-0.05,0.029791847816217933,33.47807312011719
1780876753.063947,-0.05,0.02957746284731305,33.578067779541016
1780876753.1639228,-0.05,0.029175426441570795,33.678043603897095
1780876753.2645574,-0.05,0.02877876550930907,33.77867817878723
1780876753.3640363,-0.05,0.02852474133376178,33.87815713882446
1780876753.4645033,-0.05,0.028255378986393433,33.97862410545349
1780876753.563904,-0.05,0.027951463527533173,34.07802486419678
1780876753.6639333,-0.05,0.027728161512523906,34.178054094314575
1780876753.7643182,-0.05,0.027450530589987743,34.27843904495239
1780876753.8641949,-0.05,0.027281547002513232,34.378315687179565
1780876753.9639883,-0.05,0.026984903303565188,34.47810912132263
1780876754.064142,-0.05,0.026555382380843862,34.57826280593872
1780876754.163936,-0.05,0.02633265078966689,34.678056716918945
1780876754.2639105,-0.05,0.02597708004036729,34.77803134918213
1780876754.3641326,-0.05,0.025714394264103477,34.87825345993042
1780876754.463962,-0.05,0.025336744479134365,34.97808289527893
1780876754.5639858,-0.05,0.02519220471137759,35.07810664176941
1780876754.6638026,-0.05,0.024919098707602682,35.17792344093323
1780876754.763867,-0.05,0.024748457188046444,35.27798771858215
1780876754.8638155,-0.05,0.02449802173537028,35.377936363220215
1780876754.963825,-0.05,0.02419002282885417,35.47794580459595
1780876755.0638235,-0.05,0.02401474836016467,35.57794427871704
1780876755.1638467,-0.05,0.023735925961365558,35.67796754837036
1780876755.263842,-0.05,0.023311405362669867,35.77796292304993
1780876755.3641462,-0.05,0.023047487921315807,35.87826704978943
1780876755.463873,-0.05,0.02276064397064062,35.97799372673035
1780876755.5638387,-0.05,0.02250530643789015,36.0779595375061
1780876755.6638436,-0.05,0.022294332676665113,36.17796444892883
1780876755.7638168,-0.05,0.022026787725431127,36.27793765068054
1780876755.8639083,-0.05,0.021894780962145335,36.378029108047485
1780876755.9645023,-0.05,0.021558088657707468,36.478623151779175
1780876756.0637953,-0.05,0.021168414348001135,36.57791614532471
1780876756.1637566,-0.05,0.021073821772630705,36.67787742614746
1780876756.2639291,-0.05,0.020862680736560363,36.7780499458313
1780876756.3639305,-0.05,0.02080127585479027,36.87805128097534
1780876756.4640434,-0.05,0.020475395891271366,36.978164196014404
1780876756.5642083,-0.05,0.020228116931731353,37.07832908630371
1780876756.6639118,-0.05,0.02016806723782574,37.178032636642456
1780876756.7643712,-0.05,0.019993055960142482,37.27849197387695
1780876756.8640265,-0.05,0.019846896059491623,37.37814736366272
1780876756.963884,-0.05,0.01959150399338485,37.478004932403564
1780876757.0638225,-0.05,0.01933513763721366,37.577943325042725
1780876757.1638277,-0.05,0.019153709173863522,37.67794847488403
1780876757.2643971,-0.05,0.01903022660432966,37.778517961502075
1780876757.3641338,-0.05,0.01900447660645762,37.878254652023315
1780876757.46379,-0.05,0.018851355508497012,37.97791075706482
1780876757.5640461,-0.05,0.01882074210457081,38.07816696166992
1780876757.6638787,-0.05,0.01855577207118602,38.17799949645996
1780876757.7640078,-0.05,0.01849202336350574,38.2781286239624
1780876757.8639205,-0.05,0.01835807387836438,38.37804126739502
1780876757.964328,-0.05,0.0181913867223854,38.47844886779785
1780876758.0640118,-0.05,0.018040886285454902,38.57813262939453
1780876758.1644166,-0.05,0.017747329490729116,38.678537368774414
1780876758.2638874,-0.05,0.017707873323984512,38.778008222579956
1780876758.3639808,-0.05,0.017591047009035687,38.87810158729553
1780876758.4641316,-0.05,0.017604078586228228,38.97825241088867
1780876758.563915,-0.05,0.01754006414495177,39.078035831451416
1780876758.6637943,-0.05,0.01747619362037292,39.17791509628296
1780876758.7638626,-0.05,0.017224331213397465,39.27798342704773
1780876758.8640478,-0.05,0.01724297360973828,39.37816858291626
1780876758.9641774,-0.05,0.01715714481761663,39.47829818725586
1780876759.063768,-0.05,0.017111525172282024,39.57788872718811
1780876759.1637988,-0.05,0.016966136870172944,39.67791962623596
1780876759.2639172,-0.05,0.016960289488514278,39.778038024902344
1780876759.363894,-0.05,0.016861986534514272,39.87801480293274
1780876759.4639828,-0.05,0.01682551082933221,39.97810363769531
1780876759.5638626,-0.05,0.016785638247880114,40.077983379364014
1780876759.6638403,-0.05,0.016710417354678674,40.177961111068726
1780876759.7644718,-0.05,0.016699735797472196,40.278592586517334
1780876759.8640769,-0.05,0.016626270418084434,40.37819766998291
1780876759.965138,-0.05,0.016565111594845843,40.47925877571106
1780876760.0643456,-0.05,0.016555565254083356,40.57846641540527
1780876760.1638362,-0.05,0.016451705140142086,40.67795705795288
1780876760.264019,-0.05,0.01645887558396096,40.77813982963562
1780876760.3643515,-0.05,0.016404144422457075,40.878472328186035
1780876760.463917,-0.05,0.016454991865609458,40.97803783416748
1780876760.5638466,-0.05,0.016465089231724423,41.077967405319214
1780876760.6644619,-0.05,0.016395206915814385,41.17858266830444
1780876760.7644494,-0.05,0.016303601057756315,41.2785701751709
1780876760.8639367,-0.05,0.01629801426905485,41.3780574798584
1780876760.964005,-0.05,0.016224007464979796,41.47812581062317
1780876761.0638075,-0.05,0.016185875607988513,41.57792830467224
1780876761.164483,-0.05,0.016179194607340644,41.67860388755798
1780876761.263964,-0.05,0.016176035165710395,41.77808475494385
1780876761.3637815,-0.05,0.01615130804366841,41.8779022693634
1780876761.4642942,-0.05,0.016270013843622068,41.97841501235962
1780876761.564021,-0.05,0.016337626080963747,42.078141927719116
1780876761.6638038,-0.05,0.01636413369508372,42.17792463302612
1780876761.7639008,-0.05,0.01638670849605534,42.278021574020386
1780876761.8644264,-0.05,0.01646863101355774,42.37854719161987
1780876761.963983,-0.05,0.016501601757057588,42.47810387611389
1780876762.0639,-0.05,0.016579550693390514,42.57802081108093
1780876762.1639597,-0.05,0.01664497840402767,42.678080558776855
1780876762.263974,-0.05,0.016749623854005507,42.77809476852417
1780876762.3641744,-0.05,0.016772164616528203,42.87829518318176
1780876762.4640465,-0.05,0.016801225735812886,42.97816729545593
1780876762.5643506,-0.05,0.016848373683407646,43.078471422195435
1780876762.6639743,-0.05,0.016932202044719933,43.17809510231018
1780876762.7639115,-0.05,0.017063377162922586,43.278032302856445
1780876762.8639019,-0.05,0.01709530661866334,43.37802267074585
1780876762.9641087,-0.05,0.017092054669651406,43.47822952270508
1780876763.0639591,-0.05,0.017180265319517097,43.57807993888855
1780876763.164345,-0.05,0.017227140278887856,43.678465843200684
1780876763.263813,-0.05,0.017304989330746732,43.777933835983276
1780876763.3638628,-0.05,0.017311302217222997,43.87798357009888
1780876763.463945,-0.05,0.017415347889801824,43.978065729141235
1780876763.563954,-0.05,0.01772989303908412,44.07807493209839
1780876763.6640646,-0.05,0.018095498171892658,44.17818546295166
1780876763.7639394,-0.05,0.018437884549502386,44.2780601978302
1780876763.8645744,-0.05,0.01881559493205039,44.378695249557495
1780876763.963936,-0.05,0.019237034676369374,44.47805690765381
1780876764.0648582,-0.05,0.019780451834903526,44.57897901535034
1780876764.1639192,-0.05,0.020319057586010065,44.67804002761841
1780876764.2641032,-0.05,0.02083596601954335,44.77822399139404
1780876764.3639653,-0.05,0.021333483474478596,44.87808609008789
1780876764.464075,-0.05,0.02187844741115034,44.978195905685425
1780876764.5639563,-0.05,0.022394211239905117,45.0780770778656
1780876764.66384,-0.05,0.02291050088336755,45.17796087265015
1780876764.7640557,-0.05,0.023461257037369142,45.2781765460968
1780876764.8638723,-0.05,0.024014660696085734,45.37799310684204
1780876764.9639041,-0.05,0.02460420222080973,45.47802495956421
1780876765.0644238,-0.05,0.02520844766650989,45.57854461669922
1780876765.1638672,-0.05,0.02581055184473464,45.677988052368164
1780876765.2637973,-0.05,0.0263932363185107,45.777918100357056
1780876765.3639345,-0.05,0.026947319912897838,45.87805533409119
1780876765.46401,-0.05,0.027524793610688224,45.97813081741333
1780876765.5644145,-0.05,0.028042175115444986,46.078535318374634
1780876765.664121,-0.05,0.028596751938830246,46.17824172973633
1780876765.7638538,-0.05,0.02915841525325235,46.2779746055603
1780876765.863967,-0.05,0.02976864013701477,46.378087759017944
1780876765.9639022,-0.05,0.030363349636459907,46.478023052215576
1780876766.063965,-0.05,0.030952208272173785,46.57808589935303
1780876766.1638825,-0.05,0.031505065300407385,46.67800331115723
1780876766.2638385,-0.05,0.03205384770879171,46.77795934677124
1780876766.3643386,-0.05,0.03261938378262907,46.878459453582764
1780876766.4645152,-0.05,0.03317205594526153,46.978636026382446
1780876766.563871,-0.05,0.03377953501635386,47.07799172401428
1780876766.6638284,-0.05,0.03443034145898313,47.17794919013977
1780876766.764241,-0.05,0.034939397084836885,47.278361797332764
1780876766.8643048,-0.05,0.035497238564497574,47.37842559814453
1780876766.9639738,-0.05,0.03605660404119668,47.47809457778931
1780876767.0641851,-0.05,0.03661286744784711,47.57830595970154
1780876767.16397,-0.05,0.03719981591018636,47.67809081077576
1780876767.2639456,-0.05,0.03767981525312095,47.77806639671326
1780876767.363853,-0.05,0.038221300980806776,47.877973794937134
1780876767.4639637,-0.05,0.03876447789579048,47.978084564208984
1780876767.5639682,-0.05,0.03934559357885808,48.078088998794556
1780876767.663831,-0.05,0.039826103374708,48.17795181274414
1780876767.7639165,-0.05,0.04037509465419453,48.278037309646606
1780876767.8637917,-0.05,0.04089552608750048,48.377912521362305
1780876767.9640987,-0.05,0.041392474774696875,48.478219509124756
1780876768.0639184,-0.05,0.04195956673759939,48.57803916931152
1780876768.1645362,0.0,0.021959566737599388,48.67865705490112
1780876768.2639112,0.0,0.001959566737599387,48.778032064437866
1780876768.3637185,0.0,0.0,48.87783932685852
1780876768.4643364,0.0,0.0,48.97845721244812
1780876768.563871,0.0,0.0,49.07799172401428
1780876768.6637166,0.0,0.0,49.17783737182617
1780876768.763903,0.0,0.0,49.2780237197876
1780876768.8639982,0.0,0.0,49.37811899185181
1780876768.9638104,0.0,0.0,49.47793126106262
1780876769.0637264,0.0,0.0,49.57784724235535
1780876769.1637166,0.0,0.0,49.67783737182617
1780876769.2639685,0.0,0.0,49.77808928489685
1780876769.363739,0.0,0.0,49.87785983085632
1780876769.4637496,0.0,0.0,49.97787046432495
1780876769.5637734,0.0,0.0,50.07789421081543
1780876769.663906,0.0,0.0,50.17802691459656
1780876769.7638345,0.0,0.0,50.277955293655396
1780876769.863736,0.0,0.0,50.377856731414795
1780876769.9637165,0.0,0.0,50.477837324142456
1780876770.063936,0.0,0.0,50.57805681228638
1780876770.1637375,0.0,0.0,50.67785835266113
1780876770.2638242,0.0,0.0,50.777945041656494
1780876770.3640125,0.0,0.0,50.87813329696655
1780876770.4638922,0.0,0.0,50.978013038635254
1780876770.5641782,0.0,0.0,51.078299045562744
1780876770.6637998,0.0,0.0,51.17792057991028
1780876770.7641323,0.0,0.0,51.27825307846069
1780876770.8637955,0.0,0.0,51.37791633605957
1780876770.9639122,0.0,0.0,51.4780330657959
1780876771.063741,0.0,0.0,51.57786178588867
1780876771.1641383,0.0,0.0,51.6782591342926
1780876771.2640245,0.0,0.0,51.77814531326294
1780876771.3640077,0.0,0.0,51.87812852859497
1780876771.4638097,0.0,0.0,51.977930545806885
1780876771.5638316,0.0,0.0,52.07795238494873
1780876771.6642609,0.0,0.0,52.17838168144226
1780876771.7637892,0.0,0.0,52.277909994125366
1780876771.8638015,0.0,0.0,52.37792229652405
1780876771.9638803,0.0,0.0,52.4780011177063
1780876772.0638978,0.0,0.0,52.57801866531372
1780876772.1638105,0.0,0.0,52.67793130874634
1780876772.2637987,0.0,0.0,52.77791953086853
1780876772.3639932,0.0,0.0,52.878113985061646
1780876772.4638999,0.0,0.0,52.978020668029785
1780876772.563827,0.0,0.0,53.07794785499573
1780876772.6638296,0.0,0.0,53.177950382232666
1780876772.763828,0.0,0.0,53.27794885635376
1780876772.8639636,0.0,0.0,53.37808442115784
1780876772.9641287,0.0,0.0,53.47824954986572
1780876773.063727,0.0,0.0,53.577847719192505
1780876773.16374,0.0,0.0,53.677860736846924
1780876773.2638445,0.0,0.0,53.77796530723572
1780876773.3637755,0.0,0.0,53.877896308898926
1780876773.464321,0.0,0.0,53.97844171524048
1780876773.5639076,0.0,0.0,54.078028440475464
1780876773.6637933,0.0,0.0,54.17791414260864
1780876773.763862,0.0,0.0,54.27798271179199
1780876773.8638268,0.0,0.0,54.37794756889343
1780876773.9638197,0.0,0.0,54.47794055938721
1780876774.063793,0.0,0.0,54.577913761138916
1780876774.1638494,0.0,0.0,54.67797017097473
1780876774.2639806,0.0,0.0,54.778101444244385
1780876774.3637142,0.0,0.0,54.8778350353241
1780876774.464022,0.0,0.0,54.978142738342285
1780876774.5638385,0.0,0.0,55.077959299087524
1780876774.663823,0.0,0.0,55.17794370651245
1780876774.763907,0.0,0.0,55.27802777290344
1780876774.8648162,0.0,0.0,55.378937005996704
1780876774.9637249,0.0,0.0,55.477845668792725
1780876775.064217,0.0,0.0,55.57833790779114
1780876775.1638162,0.0,0.0,55.677937030792236
1780876775.2640522,0.0,0.0,55.778172969818115
1780876775.3637586,0.0,0.0,55.87787938117981
1780876775.4638178,0.0,0.0,55.977938652038574
1780876775.5638335,0.0,0.0,56.07795429229736
1780876775.6638403,0.0,0.0,56.177961111068726
1780876775.7641687,0.0,0.0,56.278289556503296
1780876775.8637948,0.0,0.0,56.37791562080383
1780876775.9641657,0.0,0.0,56.47828650474548
1780876776.0638223,0.0,0.0,56.577943086624146
1780876776.1637392,0.0,0.0,56.67786002159119
1780876776.2639613,0.0,0.0,56.77808213233948
1780876776.363961,0.0,0.0,56.87808179855347
1780876776.463747,0.0,0.0,56.97786784172058
1780876776.563914,0.0,0.0,57.0780348777771
1780876776.6641226,0.0,0.0,57.17824339866638
1780876776.764099,0.0,0.0,57.27821969985962
1780876776.86416,0.0,0.0,57.37828087806702
1780876776.9638138,0.0,0.0,57.47793459892273
1780876777.0637667,0.0,0.0,57.577887535095215
1780876777.1638267,0.0,0.0,57.67794752120972
1780876777.264086,0.0,0.0,57.77820682525635
1780876777.363842,0.0,0.0,57.877962827682495
1780876777.4638174,0.0,0.0,57.977938175201416
1780876777.5640407,0.0,0.0,58.0781614780426
1780876777.6638455,0.0,0.0,58.177966356277466
1780876777.7638392,0.0,0.0,58.27796006202698
1780876777.8637068,0.0,0.0,58.377827644348145
1780876777.9639454,0.0,0.0,58.478066205978394
1780876778.0638895,0.0,0.0,58.57801032066345
1780876778.163725,0.0,0.0,58.67784571647644
1780876778.263874,0.0,0.0,58.777994871139526
1780876778.3638084,0.0,0.0,58.87792921066284
1780876778.464177,0.0,0.0,58.9782977104187
1780876778.5638893,0.0,0.0,59.07801008224487
1780876778.663741,0.0,0.0,59.17786192893982
1780876778.7637982,0.0,0.0,59.27791905403137
1780876778.8638296,0.0,0.0,59.37795042991638
1780876778.9648285,0.0,0.0,59.478949308395386
1780876779.0642114,0.0,0.0,59.57833218574524
1780876779.1637297,0.0,0.0,59.67785048484802
1780876779.2638078,0.0,0.0,59.777928590774536
1780876779.3637693,0.0,0.0,59.87789011001587
1780876779.4641368,0.0,0.0,59.97825765609741
1780876779.5637379,0.0,0.0,60.077858686447144
1780876779.6638632,0.0,0.0,60.17798399925232
1780876779.7638164,0.0,0.0,60.277937173843384
1780876779.863825,0.0,0.0,60.37794589996338
1780876779.963785,0.0,0.0,60.47790575027466
1780876780.0637221,0.0,0.0,60.57784295082092
1780876780.1637998,0.0,0.0,60.67792057991028
1780876780.264191,0.0,0.0,60.77831172943115
1780876780.3638039,0.0,0.0,60.87792468070984
1780876780.4638743,0.0,0.0,60.97799515724182
1780876780.5637498,0.0,0.0,61.0778706073761
1780876780.6637297,0.0,0.0,61.17785048484802
1780876780.763924,0.0,0.0,61.27804470062256
1780876780.8637905,0.0,0.0,61.37791132926941
1780876780.963868,0.0,0.0,61.477988719940186
1780876781.0638928,0.0,0.0,61.57801365852356
1780876781.1639068,0.0,0.0,61.678027629852295
1780876781.2638452,0.0,0.0,61.777966022491455
1780876781.363952,0.0,0.0,61.87807273864746
1780876781.4638262,0.0,0.0,61.97794699668884
1780876781.5642157,0.0,0.0,62.07833647727966
1780876781.663979,0.0,0.0,62.17809987068176
1780876781.763847,0.0,0.0,62.27796792984009
1780876781.8637986,0.0,0.0,62.3779194355011
1780876781.9638083,0.0,0.0,62.47792911529541
1780876782.0637343,0.0,0.0,62.57785511016846
1780876782.1638181,0.0,0.0,62.67793893814087
1780876782.2651045,0.0,0.0,62.77922534942627
1780876782.3639362,0.0,0.0,62.87805700302124
1780876782.4637566,0.0,0.0,62.977877378463745
1780876782.5637624,0.0,0.0,63.07788324356079
1780876782.6641784,0.0,0.0,63.17829918861389
1780876782.7638175,0.0,0.0,63.27793836593628
1780876782.8637605,0.0,0.0,63.37788128852844
1780876782.9644241,0.0,0.0,63.47854495048523
1780876783.0639806,0.0,0.0,63.57810139656067
1780876783.163722,0.0,0.0,63.67784285545349
1780876783.264055,0.0,0.0,63.778175830841064
1780876783.363943,0.0,0.0,63.878063917160034
1780876783.4637597,0.0,0.0,63.97788047790527
1780876783.5638568,0.0,0.0,64.07797765731812
1780876783.6639614,0.0,0.0,64.17808222770691
1780876783.763925,0.0,0.0,64.27804589271545
1780876783.863712,0.0,0.0,64.37783288955688
1780876783.9638977,0.0,0.0,64.47801852226257
1780876784.0638988,0.0,0.0,64.57801961898804
1780876784.1642303,0.0,0.0,64.67835116386414
1780876784.263749,0.0,0.0,64.7778697013855
1780876784.3639383,0.0,0.0,64.87805914878845
1780876784.4637246,0.0,0.0,64.97784543037415
1780876784.563744,0.0,0.0,65.0778648853302
1780876784.663727,0.0,0.0,65.17784786224365
1780876784.763707,0.0,0.0,65.27782773971558
1780876784.8637078,0.0,0.0,65.37782859802246
1780876784.964214,0.0,0.0,65.47833490371704
1780876785.0637689,0.0,0.0,65.57788968086243
1780876785.1637602,0.0,0.0,65.67788100242615
1780876785.2637923,0.0,0.0,65.7779130935669
1780876785.3644125,0.0,0.0,65.87853336334229
1780876785.46396,0.0,0.0,65.97808074951172
1780876785.5639167,0.0,0.0,66.07803750038147
1780876785.663825,0.0,0.0,66.17794585227966
1780876785.7642293,0.0,0.0,66.27835011482239
1780876785.8638303,0.0,0.0,66.37795114517212
1780876785.9641907,0.0,0.0,66.47831153869629
1780876786.0637531,0.0,0.0,66.5778739452362
1780876786.163946,0.0,0.0,66.67806673049927
1780876786.2639065,0.0,0.0,66.77802729606628
1780876786.3638866,0.0,0.0,66.87800741195679
1780876786.4639738,0.0,0.0,66.9780945777893
1780876786.5637228,0.0,0.0,67.07784366607666
1780876786.6639965,0.0,0.0,67.17811727523804
1780876786.7641184,0.0,0.0,67.2782392501831
1780876786.8637395,0.0,0.0,67.37786030769348
1780876786.9637928,0.0,0.0,67.47791361808777
1780876787.0637724,0.0,0.0,67.57789325714111
1780876787.1638293,0.0,0.0,67.67795014381409
1780876787.2637165,0.0,0.0,67.77783727645874
1780876787.3637197,0.0,0.0,67.87784051895142
1780876787.4637597,0.0,0.0,67.97788047790527
1780876787.5637784,0.0,0.0,68.07789921760559
1780876787.663707,0.0,0.0,68.17782783508301
1780876787.7637162,0.0,0.0,68.27783703804016
1780876787.8641849,0.0,0.0,68.37830567359924
1780876787.9641664,0.0,0.0,68.47828722000122
1780876788.0638654,0.0,0.0,68.57798624038696
1780876788.1639128,0.0,0.0,68.67803359031677
1780876788.2638593,0.0,0.0,68.77798008918762
1780876788.3641562,0.0,0.0,68.87827706336975
1780876788.4637773,0.0,0.0,68.97789812088013
1780876788.5638204,0.0,0.0,69.07794117927551
1780876788.6638217,0.0,0.0,69.17794251441956
1780876788.7638416,0.0,0.0,69.27796244621277
1780876788.863721,0.0,0.0,69.37784171104431
1780876788.9642806,0.0,0.0,69.47840142250061
1780876789.0640216,0.0,0.0,69.57814240455627
1780876789.1638117,0.0,0.0,69.67793250083923
1780876789.264013,0.0,0.0,69.77813386917114
1780876789.3637617,0.0,0.0,69.87788248062134
1780876789.4637413,0.0,0.0,69.97786211967468
1780876789.5639756,0.0,0.0,70.07809638977051
1780876789.6638556,0.0,0.0,70.17797636985779
1780876789.7637727,0.0,0.0,70.27789354324341
1780876789.8637552,0.0,0.0,70.3778760433197
1780876789.9642105,0.0,0.0,70.47833132743835
1780876790.0641603,0.0,0.0,70.57828116416931
1780876790.163766,0.0,0.0,70.67788672447205
1780876790.2640831,0.0,0.0,70.7782039642334
1780876790.3637612,0.0,0.0,70.87788200378418
1780876790.4640949,0.0,0.0,70.97821569442749
1780876790.564174,0.0,0.0,71.07829475402832
1780876790.6637423,0.0,0.0,71.17786312103271
1780876790.7637534,0.0,0.0,71.2778742313385
1780876790.8640454,0.0,0.0,71.37816619873047
1780876790.9638982,0.0,0.0,71.47801899909973
1780876791.063736,0.0,0.0,71.57785677909851
1780876791.1637912,0.0,0.0,71.67791199684143
1780876791.2642295,0.0,0.0,71.77835035324097
1780876791.3638253,0.0,0.0,71.87794613838196
1780876791.4638615,0.0,0.0,71.97798228263855
1780876791.5638106,0.0,0.0,72.07793140411377
1780876791.6640387,0.0,0.0,72.17815947532654
1780876791.763838,0.0,0.0,72.27795886993408
1780876791.8642704,0.0,0.0,72.37839126586914
1780876791.9640894,0.0,0.0,72.47821021080017
1780876792.063796,0.0,0.0,72.57791686058044
1780876792.1638036,0.0,0.0,72.67792439460754
1780876792.2640698,0.0,0.0,72.77819061279297
1780876792.3641696,0.0,0.0,72.87829041481018
1780876792.4639828,0.0,0.0,72.97810363769531
1780876792.5637214,0.0,0.0,73.07784223556519
1780876792.6637619,0.0,0.0,73.1778826713562
1780876792.7637873,0.0,0.0,73.27790808677673
1780876792.8641443,0.0,0.0,73.3782651424408
1780876792.9637523,0.0,0.0,73.47787308692932
1780876793.0638635,0.0,0.0,73.57798433303833
1780876793.1642144,0.0,0.0,73.67833518981934
1780876793.2640927,0.0,0.0,73.77821350097656
1780876793.3640294,0.0,0.0,73.87815022468567
1780876793.4644241,0.0,0.0,73.97854495048523
1780876793.56373,0.0,0.0,74.07785081863403
1780876793.6637151,0.0,0.0,74.1778359413147
1780876793.7637396,0.0,0.0,74.27786040306091
1780876793.8638291,0.0,0.0,74.37794995307922
1780876793.9638462,0.0,0.0,74.47796702384949
1780876794.063792,0.0,0.0,74.5779128074646
1780876794.1637232,0.0,0.0,74.67784404754639
1780876794.2638216,0.0,0.0,74.77794241905212
1780876794.3638678,0.0,0.0,74.87798857688904
1780876794.4639518,0.0,0.0,74.97807264328003
1780876794.5638223,0.0,0.0,75.07794308662415
1780876794.663821,0.0,0.0,75.17794179916382
1780876794.7638965,0.0,0.0,75.27801728248596
1780876794.8638568,0.0,0.0,75.3779776096344
1780876794.9637651,0.0,0.0,75.47788596153259
1780876795.0637937,0.0,0.0,75.57791447639465
1780876795.16394,0.0,0.0,75.67806077003479
1780876795.2637184,0.0,0.0,75.77783918380737
1780876795.3638043,0.0,0.0,75.877925157547
1780876795.4639876,0.0,0.0,75.9781084060669
1780876795.5638318,0.0,0.0,76.07795262336731
1780876795.6638265,0.0,0.0,76.17794728279114
1780876795.7638454,0.0,0.0,76.27796626091003
1780876795.8637247,0.0,0.0,76.37784552574158
1780876795.9638524,0.0,0.0,76.47797322273254
1780876796.0638287,0.0,0.0,76.57794952392578
1780876796.1638215,0.0,0.0,76.67794227600098
1780876796.2638197,0.0,0.0,76.77794051170349
1780876796.3638284,0.0,0.0,76.87794923782349
1780876796.4639008,0.0,0.0,76.9780216217041
1780876796.5639338,0.0,0.0,77.07805466651917
1780876796.663979,0.0,0.0,77.17809987068176
1780876796.763766,0.0,0.0,77.2778868675232
1780876796.8637807,0.0,0.0,77.37790155410767
1780876796.963876,0.0,0.0,77.47799682617188
1780876797.064243,0.0,0.0,77.57836389541626
1780876797.1637547,0.0,0.0,77.67787551879883
1780876797.26381,0.0,0.0,77.77793073654175
1780876797.3637466,0.0,0.0,77.87786746025085
1780876797.463814,0.0,0.0,77.97793483734131
1780876797.5638523,0.0,0.0,78.07797312736511
1780876797.6638405,0.0,0.0,78.1779613494873
1780876797.7651072,0.0,0.0,78.27922797203064
1780876797.863812,0.0,0.0,78.37793278694153
1780876797.9638026,0.0,0.0,78.47792339324951
1780876798.0638433,0.0,0.0,78.5779640674591
1780876798.1638763,0.0,0.0,78.67799711227417
1780876798.2638164,0.0,0.0,78.77793717384338
1780876798.363849,0.0,0.0,78.87796974182129
1780876798.4642367,0.0,0.0,78.97835755348206
1780876798.5641954,0.0,0.0,79.07831621170044
1780876798.6638346,0.0,0.0,79.17795538902283
1780876798.7638137,0.0,0.0,79.27793455123901
1780876798.8639207,0.0,0.0,79.3780415058136
1780876798.963798,0.0,0.0,79.47791886329651
1780876799.063756,0.0,0.0,79.57787680625916
1780876799.1638207,0.0,0.0,79.67794156074524
1780876799.2638133,0.0,0.0,79.77793407440186
1780876799.3637161,0.0,0.0,79.87783694267273
1780876799.4637496,0.0,0.0,79.97787046432495
1780876799.563786,0.0,0.0,80.07790684700012
1780876799.6639814,0.0,0.0,80.17810225486755
1780876799.763723,0.0,0.0,80.27784371376038
1780876799.8637471,0.0,0.0,80.37786793708801
1780876799.9637911,0.0,0.0,80.47791194915771
1780876800.0637684,0.0,0.0,80.57788920402527
1780876800.1637414,0.0,0.0,80.6778621673584
1780876800.2651162,0.0,0.0,80.77923703193665
1780876800.363901,0.0,0.0,80.87802171707153
1780876800.463732,0.0,0.0,80.9778528213501
1780876800.5639725,0.0,0.0,81.07809329032898
1780876800.6637254,0.0,0.0,81.1778461933136
1780876800.7637732,0.0,0.0,81.27789402008057
1780876800.8636909,0.0,0.0,81.37781167030334
1780876800.9638326,0.0,0.0,81.47795343399048
1780876801.0641744,0.0,0.0,81.57829523086548
1780876801.1637354,0.0,0.0,81.67785620689392
