t,state,time_s
1780876568.3067114,SEARCH,0.0
1780876568.4065633,SEARCH,0.09985184669494629
1780876568.506799,SEARCH,0.2000875473022461
1780876568.6065316,SEARCH,0.2998201847076416
1780876568.7067468,SEARCH,0.40003538131713867
1780876568.8066504,SEARCH,0.49993896484375
1780876568.906522,SEARCH,0.5998106002807617
1780876569.2818325,SEARCH,0.975121021270752
1780876569.2828352,SEARCH,0.9761238098144531
1780876569.2830563,SEARCH,0.9763448238372803
1780876569.3065777,SEARCH,0.999866247177124
1780876569.4066586,SEARCH,1.099947214126587
1780876569.5072706,SEARCH,1.200559139251709
1780876569.6066208,SEARCH,1.2999093532562256
1780876569.7064707,SEARCH,1.399759292602539
1780876569.8065362,SEARCH,1.4998247623443604
1780876569.9076283,WAIT_FOR_STABLE_TAG,1.600916862487793
1780876570.006549,WAIT_FOR_STABLE_TAG,1.6998374462127686
1780876570.106777,WAIT_FOR_STABLE_TAG,1.800065517425537
1780876570.2069626,WAIT_FOR_STABLE_TAG,1.9002511501312256
1780876570.3065145,WAIT_FOR_STABLE_TAG,1.999803066253662
1780876570.40675,APPROACH_ENTRANCE,2.100038528442383
1780876570.5065036,APPROACH_ENTRANCE,2.1997921466827393
1780876570.606452,APPROACH_ENTRANCE,2.2997405529022217
1780876570.7064948,APPROACH_ENTRANCE,2.3997833728790283
1780876570.8065066,APPROACH_ENTRANCE,2.4997951984405518
1780876570.906868,RECOVERING,2.600156545639038
1780876571.0073714,WAIT_FOR_STABLE_TAG,2.700659990310669
1780876571.106476,WAIT_FOR_STABLE_TAG,2.799764633178711
1780876571.2064648,WAIT_FOR_STABLE_TAG,2.8997533321380615
1780876571.306529,WAIT_FOR_STABLE_TAG,2.9998176097869873
1780876571.4064903,WAIT_FOR_STABLE_TAG,3.099778890609741
1780876571.5081959,APPROACH_ENTRANCE,3.201484441757202
1780876571.6069028,APPROACH_ENTRANCE,3.3001914024353027
1780876571.7064662,APPROACH_ENTRANCE,3.399754762649536
1780876571.8065982,APPROACH_ENTRANCE,3.4998867511749268
1780876571.9068773,APPROACH_ENTRANCE,3.600165843963623
1780876572.006759,APPROACH_ENTRANCE,3.700047492980957
1780876572.1066198,APPROACH_ENTRANCE,3.799908399581909
1780876572.2066903,APPROACH_ENTRANCE,3.8999788761138916
1780876572.3064713,APPROACH_ENTRANCE,3.9997599124908447
1780876572.4064715,APPROACH_ENTRANCE,4.099760055541992
1780876572.506797,APPROACH_ENTRANCE,4.200085639953613
1780876572.6064537,APPROACH_ENTRANCE,4.299742221832275
1780876572.7064579,APPROACH_ENTRANCE,4.399746417999268
1780876572.8065183,APPROACH_ENTRANCE,4.499806880950928
1780876572.9066465,APPROACH_ENTRANCE,4.599935054779053
1780876573.0066009,APPROACH_ENTRANCE,4.699889421463013
1780876573.106949,RECOVERING,4.800237655639648
1780876573.2067482,WAIT_FOR_STABLE_TAG,4.900036811828613
1780876573.3067355,WAIT_FOR_STABLE_TAG,5.000024080276489
1780876573.407039,RECOVERING,5.100327491760254
1780876573.5067954,WAIT_FOR_STABLE_TAG,5.20008397102356
1780876573.6066005,WAIT_FOR_STABLE_TAG,5.299889087677002
1780876573.707914,RECOVERING,5.40120267868042
1780876573.8067348,WAIT_FOR_STABLE_TAG,5.500023365020752
1780876573.9065304,WAIT_FOR_STABLE_TAG,5.59981894493103
1780876574.0068572,WAIT_FOR_STABLE_TAG,5.700145721435547
1780876574.1066506,WAIT_FOR_STABLE_TAG,5.799939155578613
1780876574.2070363,RECOVERING,5.900324821472168
1780876574.3073018,WAIT_FOR_STABLE_TAG,6.0005903244018555
1780876574.406529,WAIT_FOR_STABLE_TAG,6.099817514419556
1780876574.5066915,WAIT_FOR_STABLE_TAG,6.199980020523071
1780876574.606522,WAIT_FOR_STABLE_TAG,6.2998106479644775
1780876574.7065473,WAIT_FOR_STABLE_TAG,6.399835824966431
1780876574.8067408,APPROACH_ENTRANCE,6.5000293254852295
1780876574.9066823,APPROACH_ENTRANCE,6.599970817565918
1780876575.0065255,APPROACH_ENTRANCE,6.699814081192017
1780876575.1067314,RECOVERING,6.800019979476929
1780876575.2072492,WAIT_FOR_STABLE_TAG,6.900537729263306
1780876575.3067768,WAIT_FOR_STABLE_TAG,7.000065326690674
1780876575.4065435,WAIT_FOR_STABLE_TAG,7.099832057952881
1780876575.5065386,WAIT_FOR_STABLE_TAG,7.199827194213867
1780876575.6065094,WAIT_FOR_STABLE_TAG,7.299798011779785
1780876575.7067835,RECOVERING,7.40007209777832
1780876575.8067842,WAIT_FOR_STABLE_TAG,7.500072717666626
1780876575.9076319,RECOVERING,7.6009204387664795
1780876576.0068717,WAIT_FOR_STABLE_TAG,7.700160264968872
1780876576.1065342,WAIT_FOR_STABLE_TAG,7.799822807312012
1780876576.2069397,RECOVERING,7.900228261947632
1780876576.306786,WAIT_FOR_STABLE_TAG,8.000074625015259
1780876576.4064312,WAIT_FOR_STABLE_TAG,8.099719762802124
1780876576.5066988,WAIT_FOR_STABLE_TAG,8.199987411499023
1780876576.6065836,WAIT_FOR_STABLE_TAG,8.299872159957886
1780876576.7064798,WAIT_FOR_STABLE_TAG,8.399768352508545
1780876576.807494,APPROACH_ENTRANCE,8.500782489776611
1780876576.9064338,APPROACH_ENTRANCE,8.599722385406494
1780876577.0069132,APPROACH_ENTRANCE,8.700201749801636
1780876577.1067245,APPROACH_ENTRANCE,8.800013065338135
1780876577.2066078,APPROACH_ENTRANCE,8.899896383285522
1780876577.3066192,APPROACH_ENTRANCE,8.999907732009888
1780876577.4065034,APPROACH_ENTRANCE,9.099792003631592
1780876577.506605,APPROACH_ENTRANCE,9.199893474578857
1780876577.606587,APPROACH_ENTRANCE,9.299875497817993
1780876577.7065172,APPROACH_ENTRANCE,9.399805784225464
1780876577.8065252,APPROACH_ENTRANCE,9.499813795089722
1780876577.9068058,APPROACH_ENTRANCE,9.600094318389893
1780876578.0064714,APPROACH_ENTRANCE,9.69975996017456
1780876578.1067357,RECOVERING,9.800024271011353
1780876578.20649,RECOVERING,9.899778604507446
1780876578.3066578,RECOVERING,9.999946355819702
1780876578.407131,WAIT_FOR_STABLE_TAG,10.100419521331787
1780876578.5066283,WAIT_FOR_STABLE_TAG,10.19991683959961
1780876578.6065178,WAIT_FOR_STABLE_TAG,10.299806356430054
1780876578.7068136,WAIT_FOR_STABLE_TAG,10.400102138519287
1780876578.8068361,RECOVERING,10.50012469291687
1780876578.9067822,WAIT_FOR_STABLE_TAG,10.600070714950562
1780876579.0064862,WAIT_FOR_STABLE_TAG,10.699774742126465
1780876579.106516,WAIT_FOR_STABLE_TAG,10.799804449081421
1780876579.2065594,WAIT_FOR_STABLE_TAG,10.899847984313965
1780876579.306572,WAIT_FOR_STABLE_TAG,10.999860525131226
1780876579.407013,APPROACH_ENTRANCE,11.100301504135132
1780876579.5065625,APPROACH_ENTRANCE,11.199851036071777
1780876579.6065238,APPROACH_ENTRANCE,11.299812316894531
1780876579.7071636,RECOVERING,11.400452136993408
1780876579.8067617,WAIT_FOR_STABLE_TAG,11.50005030632019
1780876579.9064817,WAIT_FOR_STABLE_TAG,11.599770307540894
1780876580.0067067,WAIT_FOR_STABLE_TAG,11.699995279312134
1780876580.1064887,WAIT_FOR_STABLE_TAG,11.799777269363403
1780876580.2066975,WAIT_FOR_STABLE_TAG,11.899986028671265
1780876580.306751,APPROACH_ENTRANCE,12.00003957748413
1780876580.4073014,RECOVERING,12.100589990615845
1780876580.5073433,WAIT_FOR_STABLE_TAG,12.200631856918335
1780876580.606584,WAIT_FOR_STABLE_TAG,12.299872636795044
1780876580.7068465,WAIT_FOR_STABLE_TAG,12.400135040283203
1780876580.80642,WAIT_FOR_STABLE_TAG,12.499708652496338
1780876580.9064586,WAIT_FOR_STABLE_TAG,12.59974718093872
1780876581.0068583,APPROACH_ENTRANCE,12.700146913528442
1780876581.106734,APPROACH_ENTRANCE,12.800022602081299
1780876581.2067766,APPROACH_ENTRANCE,12.900065183639526
1780876581.3066316,APPROACH_ENTRANCE,12.999920129776001
1780876581.4065886,APPROACH_ENTRANCE,13.099877119064331
1780876581.5080965,RECOVERING,13.201385021209717
1780876581.6068566,RECOVERING,13.300145149230957
1780876581.7065403,RECOVERING,13.399828910827637
1780876581.807068,WAIT_FOR_STABLE_TAG,13.500356674194336
1780876581.9072864,RECOVERING,13.600574970245361
1780876582.0081317,WAIT_FOR_STABLE_TAG,13.701420307159424
1780876582.1064558,WAIT_FOR_STABLE_TAG,13.799744367599487
1780876582.2075953,RECOVERING,13.900883913040161
1780876582.3075473,WAIT_FOR_STABLE_TAG,14.00083589553833
1780876582.4066923,WAIT_FOR_STABLE_TAG,14.09998083114624
1780876582.5065382,WAIT_FOR_STABLE_TAG,14.199826717376709
1780876582.6065183,WAIT_FOR_STABLE_TAG,14.299806833267212
1780876582.7064555,WAIT_FOR_STABLE_TAG,14.399744033813477
1780876582.8071184,APPROACH_ENTRANCE,14.500406980514526
1780876582.906798,APPROACH_ENTRANCE,14.600086450576782
1780876583.0065677,APPROACH_ENTRANCE,14.699856281280518
1780876583.1064694,APPROACH_ENTRANCE,14.799757957458496
1780876583.2068791,APPROACH_ENTRANCE,14.90016770362854
1780876583.3065028,APPROACH_ENTRANCE,14.999791383743286
1780876583.4065182,APPROACH_ENTRANCE,15.099806785583496
1780876583.507757,RECOVERING,15.201045513153076
1780876583.6071432,WAIT_FOR_STABLE_TAG,15.300431728363037
1780876583.7069166,WAIT_FOR_STABLE_TAG,15.400205135345459
1780876583.8065796,WAIT_FOR_STABLE_TAG,15.499868154525757
1780876583.9070752,RECOVERING,15.600363731384277
1780876584.0064964,RECOVERING,15.699784994125366
1780876584.1067772,WAIT_FOR_STABLE_TAG,15.800065755844116
1780876584.2071486,RECOVERING,15.900437116622925
1780876584.3066714,RECOVERING,15.999959945678711
1780876584.4065876,RECOVERING,16.099876165390015
1780876584.5070326,WAIT_FOR_STABLE_TAG,16.200321197509766
1780876584.6071744,RECOVERING,16.3004629611969
1780876584.7072463,WAIT_FOR_STABLE_TAG,16.400534868240356
1780876584.8065476,WAIT_FOR_STABLE_TAG,16.499836206436157
1780876584.9067187,WAIT_FOR_STABLE_TAG,16.60000729560852
1780876585.0073104,RECOVERING,16.70059895515442
1780876585.1069078,WAIT_FOR_STABLE_TAG,16.800196409225464
1780876585.2065353,WAIT_FOR_STABLE_TAG,16.899823904037476
1780876585.3065991,WAIT_FOR_STABLE_TAG,16.999887704849243
1780876585.4065378,WAIT_FOR_STABLE_TAG,17.099826335906982
1780876585.50692,WAIT_FOR_STABLE_TAG,17.20020866394043
1780876585.6070597,APPROACH_ENTRANCE,17.30034828186035
1780876585.7067375,RECOVERING,17.400026082992554
1780876585.807171,WAIT_FOR_STABLE_TAG,17.500459671020508
1780876585.906554,WAIT_FOR_STABLE_TAG,17.59984254837036
1780876586.0065856,WAIT_FOR_STABLE_TAG,17.69987416267395
1780876586.1083074,RECOVERING,17.80159592628479
1780876586.2070782,WAIT_FOR_STABLE_TAG,17.90036678314209
1780876586.3064816,WAIT_FOR_STABLE_TAG,17.999770164489746
1780876586.4073763,RECOVERING,18.100664854049683
1780876586.507163,WAIT_FOR_STABLE_TAG,18.200451612472534
1780876586.6067688,WAIT_FOR_STABLE_TAG,18.300057411193848
1780876586.7067935,RECOVERING,18.400082111358643
1780876586.8073568,WAIT_FOR_STABLE_TAG,18.500645399093628
1780876586.9067497,RECOVERING,18.600038290023804
1780876587.0068758,WAIT_FOR_STABLE_TAG,18.700164318084717
1780876587.1065574,WAIT_FOR_STABLE_TAG,18.799845933914185
1780876587.2065392,WAIT_FOR_STABLE_TAG,18.89982771873474
1780876587.306712,RECOVERING,19.000000476837158
1780876587.406557,RECOVERING,19.09984564781189
1780876587.5068564,WAIT_FOR_STABLE_TAG,19.20014500617981
1780876587.6064568,WAIT_FOR_STABLE_TAG,19.299745321273804
1780876587.7067816,WAIT_FOR_STABLE_TAG,19.400070190429688
1780876587.8066921,WAIT_FOR_STABLE_TAG,19.499980688095093
1780876587.9066856,RECOVERING,19.599974155426025
1780876588.0069563,WAIT_FOR_STABLE_TAG,19.700244903564453
1780876588.1067426,RECOVERING,19.800031185150146
1780876588.2069561,WAIT_FOR_STABLE_TAG,19.90024471282959
1780876588.3068376,RECOVERING,20.000126123428345
1780876588.4066103,RECOVERING,20.09989881515503
1780876588.5069904,WAIT_FOR_STABLE_TAG,20.200278997421265
1780876588.6072514,RECOVERING,20.30053997039795
1780876588.7065399,RECOVERING,20.39982843399048
1780876588.8075984,WAIT_FOR_STABLE_TAG,20.500886917114258
1780876588.907075,RECOVERING,20.6003634929657
1780876589.0067868,WAIT_FOR_STABLE_TAG,20.700075387954712
1780876589.1067638,WAIT_FOR_STABLE_TAG,20.800052404403687
1780876589.206744,WAIT_FOR_STABLE_TAG,20.90003252029419
1780876589.3064687,WAIT_FOR_STABLE_TAG,20.999757289886475
1780876589.4067867,RECOVERING,21.100075244903564
1780876589.5079584,WAIT_FOR_STABLE_TAG,21.201246976852417
1780876589.6067073,WAIT_FOR_STABLE_TAG,21.29999589920044
1780876589.7064507,WAIT_FOR_STABLE_TAG,21.399739265441895
1780876589.8066604,WAIT_FOR_STABLE_TAG,21.499948978424072
1780876589.9064739,WAIT_FOR_STABLE_TAG,21.599762439727783
1780876590.0069227,RECOVERING,21.7002112865448
1780876590.1072557,WAIT_FOR_STABLE_TAG,21.800544261932373
1780876590.20647,WAIT_FOR_STABLE_TAG,21.8997585773468
1780876590.3065355,WAIT_FOR_STABLE_TAG,21.999824047088623
1780876590.4065392,WAIT_FOR_STABLE_TAG,22.099827766418457
1780876590.5066535,WAIT_FOR_STABLE_TAG,22.199942111968994
1780876590.6072948,APPROACH_ENTRANCE,22.300583362579346
1780876590.7068045,RECOVERING,22.40009307861328
1780876590.8070455,WAIT_FOR_STABLE_TAG,22.50033402442932
1780876590.907947,RECOVERING,22.60123562812805
1780876591.0064616,RECOVERING,22.699750185012817
1780876591.1064637,RECOVERING,22.799752235412598
1780876591.207101,WAIT_FOR_STABLE_TAG,22.900389671325684
1780876591.3075323,RECOVERING,23.000820875167847
1780876591.4067519,RECOVERING,23.100040435791016
1780876591.5065768,RECOVERING,23.199865341186523
1780876591.6067343,WAIT_FOR_STABLE_TAG,23.300022840499878
1780876591.7066553,WAIT_FOR_STABLE_TAG,23.399943828582764
1780876591.8079984,RECOVERING,23.50128698348999
1780876591.906439,RECOVERING,23.599727630615234
1780876592.006792,RECOVERING,23.700080633163452
1780876592.1066668,RECOVERING,23.799955368041992
1780876592.2078922,RECOVERING,23.901180744171143
1780876592.3064764,RECOVERING,23.999764919281006
1780876592.4067588,RECOVERING,24.10004734992981
1780876592.5065598,RECOVERING,24.199848413467407
1780876592.6064374,RECOVERING,24.299726009368896
1780876592.7064426,RECOVERING,24.399731159210205
1780876592.8066497,RECOVERING,24.499938249588013
1780876592.9068363,RECOVERING,24.600124835968018
1780876593.0069733,RECOVERING,24.70026183128357
1780876593.1068854,RECOVERING,24.80017399787903
1780876593.2068272,RECOVERING,24.900115728378296
1780876593.3069649,RECOVERING,25.000253438949585
1780876593.4065645,RECOVERING,25.099853038787842
1780876593.5067658,RECOVERING,25.20005440711975
1780876593.6068494,RECOVERING,25.300137996673584
1780876593.7064424,RECOVERING,25.399730920791626
1780876593.806549,RECOVERING,25.499837636947632
1780876593.9067855,RECOVERING,25.60007405281067
1780876594.0064762,RECOVERING,25.699764728546143
1780876594.1064441,RECOVERING,25.79973268508911
1780876594.206851,RECOVERING,25.900139570236206
1780876594.306627,RECOVERING,25.999915599822998
1780876594.4064424,RECOVERING,26.099730968475342
1780876594.5065243,RECOVERING,26.19981288909912
1780876594.606445,RECOVERING,26.299733638763428
1780876594.7064621,RECOVERING,26.39975070953369
1780876594.8064787,RECOVERING,26.499767303466797
1780876594.9066474,RECOVERING,26.59993600845337
1780876595.0067956,RECOVERING,26.70008420944214
1780876595.106499,RECOVERING,26.799787521362305
1780876595.2064886,RECOVERING,26.89977717399597
1780876595.3066866,RECOVERING,26.999975204467773
1780876595.406539,RECOVERING,27.099827527999878
1780876595.5065808,RECOVERING,27.199869394302368
1780876595.6070075,RECOVERING,27.30029606819153
1780876595.7068317,RECOVERING,27.4001202583313
1780876595.8065033,RECOVERING,27.499791860580444
1780876595.9064927,RECOVERING,27.599781274795532
1780876596.0064874,RECOVERING,27.69977593421936
1780876596.106417,RECOVERING,27.799705505371094
1780876596.2064557,RECOVERING,27.899744272232056
1780876596.3067203,RECOVERING,28.000008821487427
1780876596.4069269,RECOVERING,28.100215435028076
1780876596.506557,RECOVERING,28.199845552444458
1780876596.6064565,RECOVERING,28.299745082855225
1780876596.70654,RECOVERING,28.399828672409058
1780876596.8077788,SEARCH,28.501067399978638
1780876596.9067078,SEARCH,28.599996328353882
1780876597.0070071,SEARCH,28.7002956867218
1780876597.1064436,SEARCH,28.799732208251953
1780876597.2065628,SEARCH,28.899851322174072
1780876597.30689,SEARCH,29.000178575515747
1780876597.406748,SEARCH,29.10003662109375
1780876597.5064826,SEARCH,29.19977116584778
1780876597.6067104,SEARCH,29.299998998641968
1780876597.707159,SEARCH,29.400447607040405
1780876597.806454,SEARCH,29.49974250793457
1780876597.9065168,SEARCH,29.59980535507202
1780876598.0068302,SEARCH,29.70011878013611
1780876598.10671,SEARCH,29.79999852180481
1780876598.206522,SEARCH,29.899810552597046
1780876598.3074317,WAIT_FOR_STABLE_TAG,30.000720262527466
1780876598.4070354,RECOVERING,30.100323915481567
1780876598.5072925,WAIT_FOR_STABLE_TAG,30.200581073760986
1780876598.6067777,WAIT_FOR_STABLE_TAG,30.300066232681274
1780876598.7065113,WAIT_FOR_STABLE_TAG,30.399799823760986
1780876598.8066046,WAIT_FOR_STABLE_TAG,30.499893188476562
1780876598.9064624,WAIT_FOR_STABLE_TAG,30.599750995635986
1780876599.0073345,APPROACH_ENTRANCE,30.700623035430908
1780876599.106495,APPROACH_ENTRANCE,30.79978346824646
1780876599.2064986,APPROACH_ENTRANCE,30.899787187576294
1780876599.3064911,APPROACH_ENTRANCE,30.99977970123291
1780876599.4066682,APPROACH_ENTRANCE,31.09995675086975
1780876599.506539,APPROACH_ENTRANCE,31.199827671051025
1780876599.6064856,APPROACH_ENTRANCE,31.299774169921875
1780876599.7064066,APPROACH_ENTRANCE,31.39969515800476
1780876599.8065484,APPROACH_ENTRANCE,31.499836921691895
1780876599.9064984,APPROACH_ENTRANCE,31.59978699684143
1780876600.006556,APPROACH_ENTRANCE,31.69984459877014
1780876600.1065927,APPROACH_ENTRANCE,31.79988121986389
1780876600.206536,APPROACH_ENTRANCE,31.899824619293213
1780876600.3065784,APPROACH_ENTRANCE,31.99986696243286
1780876600.4065232,APPROACH_ENTRANCE,32.09981179237366
1780876600.5067606,APPROACH_ENTRANCE,32.20004916191101
1780876600.606763,APPROACH_ENTRANCE,32.30005145072937
1780876600.7068813,APPROACH_ENTRANCE,32.40016984939575
1780876600.8065176,APPROACH_ENTRANCE,32.49980616569519
1780876600.9066837,APPROACH_ENTRANCE,32.59997224807739
1780876601.0065439,APPROACH_ENTRANCE,32.69983243942261
1780876601.1068182,APPROACH_ENTRANCE,32.80010676383972
1780876601.2067482,APPROACH_ENTRANCE,32.90003681182861
1780876601.3064754,APPROACH_ENTRANCE,32.99976396560669
1780876601.406579,APPROACH_ENTRANCE,33.09986758232117
1780876601.5065374,APPROACH_ENTRANCE,33.19982600212097
1780876601.606826,APPROACH_ENTRANCE,33.30011463165283
1780876601.7065046,APPROACH_ENTRANCE,33.39979314804077
1780876601.8065083,APPROACH_ENTRANCE,33.499796867370605
1780876601.9065077,APPROACH_ENTRANCE,33.599796295166016
1780876602.0068824,APPROACH_ENTRANCE,33.70017099380493
1780876602.1065106,APPROACH_ENTRANCE,33.79979920387268
1780876602.206555,APPROACH_ENTRANCE,33.89984345436096
1780876602.306411,APPROACH_ENTRANCE,33.99969959259033
1780876602.4065273,APPROACH_ENTRANCE,34.0998158454895
1780876602.506585,APPROACH_ENTRANCE,34.19987344741821
1780876602.6065166,APPROACH_ENTRANCE,34.29980516433716
1780876602.7066262,APPROACH_ENTRANCE,34.39991474151611
1780876602.8064828,APPROACH_ENTRANCE,34.49977135658264
1780876602.9064162,APPROACH_ENTRANCE,34.59970474243164
1780876603.006538,APPROACH_ENTRANCE,34.69982647895813
1780876603.1065416,APPROACH_ENTRANCE,34.799830198287964
1780876603.206473,APPROACH_ENTRANCE,34.89976167678833
1780876603.3065279,APPROACH_ENTRANCE,34.99981641769409
1780876603.4065118,APPROACH_ENTRANCE,35.09980034828186
1780876603.5067968,APPROACH_ENTRANCE,35.200085401535034
1780876603.606602,APPROACH_ENTRANCE,35.29989051818848
1780876603.706488,APPROACH_ENTRANCE,35.399776458740234
1780876603.8066256,APPROACH_ENTRANCE,35.49991416931152
1780876603.9069095,APPROACH_ENTRANCE,35.6001980304718
1780876604.0066082,APPROACH_ENTRANCE,35.699896812438965
1780876604.1065235,APPROACH_ENTRANCE,35.79981207847595
1780876604.2065456,APPROACH_ENTRANCE,35.89983415603638
1780876604.30651,APPROACH_ENTRANCE,35.99979853630066
1780876604.406676,APPROACH_ENTRANCE,36.09996461868286
1780876604.5065424,APPROACH_ENTRANCE,36.19983100891113
1780876604.6070309,APPROACH_ENTRANCE,36.30031943321228
1780876604.706738,APPROACH_ENTRANCE,36.40002655982971
1780876604.806524,APPROACH_ENTRANCE,36.499812602996826
1780876604.9068332,APPROACH_ENTRANCE,36.60012173652649
1780876605.0065637,APPROACH_ENTRANCE,36.69985222816467
1780876605.106786,APPROACH_ENTRANCE,36.80007457733154
1780876605.2066207,APPROACH_ENTRANCE,36.899909257888794
1780876605.3065104,APPROACH_ENTRANCE,36.99979901313782
1780876605.4065256,APPROACH_ENTRANCE,37.09981417655945
1780876605.5068736,APPROACH_ENTRANCE,37.200162172317505
1780876605.606802,APPROACH_ENTRANCE,37.30009055137634
1780876605.7069883,APPROACH_ENTRANCE,37.40027689933777
1780876605.8064778,APPROACH_ENTRANCE,37.49976634979248
1780876605.906548,APPROACH_ENTRANCE,37.599836587905884
1780876606.006542,APPROACH_ENTRANCE,37.699830532073975
1780876606.1065187,APPROACH_ENTRANCE,37.79980731010437
1780876606.207049,APPROACH_ENTRANCE,37.90033745765686
1780876606.306891,APPROACH_ENTRANCE,38.00017952919006
1780876606.4066284,APPROACH_ENTRANCE,38.09991693496704
1780876606.5065658,APPROACH_ENTRANCE,38.199854373931885
1780876606.6066008,APPROACH_ENTRANCE,38.29988932609558
1780876606.7065368,APPROACH_ENTRANCE,38.39982533454895
1780876606.8065975,APPROACH_ENTRANCE,38.49988603591919
1780876606.9065099,APPROACH_ENTRANCE,38.59979844093323
1780876607.0065594,APPROACH_ENTRANCE,38.69984793663025
1780876607.106792,APPROACH_ENTRANCE,38.80008053779602
1780876607.2065217,APPROACH_ENTRANCE,38.89981031417847
1780876607.3064969,APPROACH_ENTRANCE,38.99978542327881
1780876607.4064798,APPROACH_ENTRANCE,39.09976840019226
1780876607.5066278,APPROACH_ENTRANCE,39.19991636276245
1780876607.6067498,APPROACH_ENTRANCE,39.30003833770752
1780876607.7067118,APPROACH_ENTRANCE,39.40000033378601
1780876607.8064349,APPROACH_ENTRANCE,39.49972343444824
1780876607.9064999,APPROACH_ENTRANCE,39.599788427352905
1780876608.0064812,APPROACH_ENTRANCE,39.699769735336304
1780876608.1065955,APPROACH_ENTRANCE,39.79988408088684
1780876608.2064865,APPROACH_ENTRANCE,39.89977502822876
1780876608.3068233,APPROACH_ENTRANCE,40.0001118183136
1780876608.4065726,APPROACH_ENTRANCE,40.09986114501953
1780876608.5068264,RECOVERING,40.20011496543884
1780876608.606528,RECOVERING,40.299816608428955
1780876608.7072027,RECOVERING,40.40049123764038
1780876608.8070362,WAIT_FOR_STABLE_TAG,40.500324726104736
1780876608.9071105,RECOVERING,40.600399017333984
1780876609.0080268,WAIT_FOR_STABLE_TAG,40.70131540298462
1780876609.1068532,RECOVERING,40.80014181137085
1780876609.20656,RECOVERING,40.89984846115112
1780876609.3077414,WAIT_FOR_STABLE_TAG,41.00102996826172
1780876609.4065068,WAIT_FOR_STABLE_TAG,41.0997953414917
1780876609.5066628,WAIT_FOR_STABLE_TAG,41.19995141029358
1780876609.6066523,WAIT_FOR_STABLE_TAG,41.29994082450867
1780876609.7065146,WAIT_FOR_STABLE_TAG,41.399803161621094
1780876609.8070207,APPROACH_ENTRANCE,41.500309228897095
1780876609.9065092,APPROACH_ENTRANCE,41.59979772567749
1780876610.0067718,APPROACH_ENTRANCE,41.70006036758423
1780876610.1065767,APPROACH_ENTRANCE,41.79986524581909
1780876610.2065282,APPROACH_ENTRANCE,41.8998167514801
1780876610.3065357,APPROACH_ENTRANCE,41.9998242855072
1780876610.4064455,APPROACH_ENTRANCE,42.09973406791687
1780876610.5065522,APPROACH_ENTRANCE,42.199840784072876
1780876610.6079786,RECOVERING,42.30126714706421
1780876610.7067723,WAIT_FOR_STABLE_TAG,42.4000608921051
1780876610.8070183,RECOVERING,42.500306844711304
1780876610.907259,WAIT_FOR_STABLE_TAG,42.600547552108765
1780876611.0065987,WAIT_FOR_STABLE_TAG,42.6998872756958
1780876611.1064544,WAIT_FOR_STABLE_TAG,42.79974293708801
1780876611.207013,RECOVERING,42.900301456451416
1780876611.3069677,WAIT_FOR_STABLE_TAG,43.000256299972534
1780876611.4065683,WAIT_FOR_STABLE_TAG,43.09985685348511
1780876611.5082607,RECOVERING,43.20154929161072
1780876611.6069627,WAIT_FOR_STABLE_TAG,43.30025124549866
1780876611.7065086,WAIT_FOR_STABLE_TAG,43.399797201156616
1780876611.807002,RECOVERING,43.500290632247925
1780876611.9067616,WAIT_FOR_STABLE_TAG,43.60005021095276
1780876612.0065608,WAIT_FOR_STABLE_TAG,43.699849367141724
1780876612.106808,WAIT_FOR_STABLE_TAG,43.80009651184082
1780876612.2065933,WAIT_FOR_STABLE_TAG,43.8998818397522
1780876612.3066986,WAIT_FOR_STABLE_TAG,43.99998712539673
1780876612.4078119,APPROACH_ENTRANCE,44.1011004447937
1780876612.5070415,RECOVERING,44.20033001899719
1780876612.6074903,WAIT_FOR_STABLE_TAG,44.30077886581421
1780876612.706454,WAIT_FOR_STABLE_TAG,44.399742603302
1780876612.8064966,WAIT_FOR_STABLE_TAG,44.49978518486023
1780876612.9067137,WAIT_FOR_STABLE_TAG,44.60000228881836
1780876613.0068722,WAIT_FOR_STABLE_TAG,44.70016074180603
1780876613.1070445,APPROACH_ENTRANCE,44.80033302307129
1780876613.2065213,APPROACH_ENTRANCE,44.89980983734131
1780876613.3064682,APPROACH_ENTRANCE,44.999756813049316
1780876613.4068494,APPROACH_ENTRANCE,45.10013794898987
1780876613.5064538,APPROACH_ENTRANCE,45.19974231719971
1780876613.606592,APPROACH_ENTRANCE,45.299880504608154
1780876613.7064629,APPROACH_ENTRANCE,45.39975142478943
1780876613.8065124,APPROACH_ENTRANCE,45.49980092048645
1780876613.906499,APPROACH_ENTRANCE,45.59978747367859
1780876614.0069041,APPROACH_ENTRANCE,45.70019268989563
1780876614.1065214,APPROACH_ENTRANCE,45.79980993270874
1780876614.2065167,APPROACH_ENTRANCE,45.899805307388306
1780876614.306526,APPROACH_ENTRANCE,45.99981451034546
1780876614.4064808,APPROACH_ENTRANCE,46.09976935386658
1780876614.5066316,APPROACH_ENTRANCE,46.19992017745972
1780876614.6066887,APPROACH_ENTRANCE,46.29997730255127
1780876614.7063978,APPROACH_ENTRANCE,46.399686336517334
1780876614.8065908,APPROACH_ENTRANCE,46.499879360198975
1780876614.9067178,APPROACH_ENTRANCE,46.600006341934204
1780876615.006837,APPROACH_ENTRANCE,46.70012545585632
1780876615.106655,APPROACH_ENTRANCE,46.79994344711304
1780876615.2069054,APPROACH_ENTRANCE,46.90019392967224
1780876615.30647,APPROACH_ENTRANCE,46.99975848197937
1780876615.406626,APPROACH_ENTRANCE,47.09991455078125
1780876615.5068355,APPROACH_ENTRANCE,47.20012402534485
1780876615.6066594,APPROACH_ENTRANCE,47.29994797706604
1780876615.706461,APPROACH_ENTRANCE,47.399749517440796
1780876615.8064961,APPROACH_ENTRANCE,47.49978470802307
1780876615.906912,APPROACH_ENTRANCE,47.60020065307617
1780876616.0065484,APPROACH_ENTRANCE,47.69983696937561
1780876616.1065633,APPROACH_ENTRANCE,47.79985189437866
1780876616.206824,APPROACH_ENTRANCE,47.90011262893677
1780876616.306506,APPROACH_ENTRANCE,47.999794483184814
1780876616.4065728,APPROACH_ENTRANCE,48.09986138343811
1780876616.5065627,APPROACH_ENTRANCE,48.199851274490356
1780876616.6065302,APPROACH_ENTRANCE,48.29981875419617
1780876616.7068257,APPROACH_ENTRANCE,48.40011429786682
1780876616.8066044,APPROACH_ENTRANCE,48.49989295005798
1780876616.9064848,APPROACH_ENTRANCE,48.59977340698242
1780876617.006616,APPROACH_ENTRANCE,48.699904680252075
1780876617.106683,APPROACH_ENTRANCE,48.79997158050537
1780876617.2064638,APPROACH_ENTRANCE,48.899752378463745
1780876617.3065405,APPROACH_ENTRANCE,48.999829053878784
1780876617.4065442,APPROACH_ENTRANCE,49.09983277320862
1780876617.506784,APPROACH_ENTRANCE,49.20007252693176
1780876617.6064587,APPROACH_ENTRANCE,49.29974722862244
1780876617.706512,APPROACH_ENTRANCE,49.399800539016724
1780876617.8069701,APPROACH_ENTRANCE,49.500258684158325
1780876617.9065382,APPROACH_ENTRANCE,49.59982681274414
1780876618.0065718,APPROACH_ENTRANCE,49.69986033439636
1780876618.1064668,APPROACH_ENTRANCE,49.799755334854126
1780876618.20671,APPROACH_ENTRANCE,49.89999866485596
1780876618.3065133,APPROACH_ENTRANCE,49.99980187416077
1780876618.4064686,APPROACH_ENTRANCE,50.09975719451904
1780876618.5068526,APPROACH_ENTRANCE,50.200141191482544
1780876618.6064224,APPROACH_ENTRANCE,50.29971098899841
1780876618.7067668,APPROACH_ENTRANCE,50.40005540847778
1780876618.8065238,APPROACH_ENTRANCE,50.49981236457825
1780876618.906545,APPROACH_ENTRANCE,50.599833488464355
1780876619.0065773,APPROACH_ENTRANCE,50.69986581802368
1780876619.1067593,APPROACH_ENTRANCE,50.800047874450684
1780876619.2065501,APPROACH_ENTRANCE,50.89983868598938
1780876619.306798,APPROACH_ENTRANCE,51.000086545944214
1780876619.4064791,APPROACH_ENTRANCE,51.09976768493652
1780876619.5066643,APPROACH_ENTRANCE,51.199952840805054
1780876619.6066635,APPROACH_ENTRANCE,51.299952030181885
1780876619.7064908,APPROACH_ENTRANCE,51.399779319763184
1780876619.8065307,APPROACH_ENTRANCE,51.49981927871704
1780876619.9064252,APPROACH_ENTRANCE,51.59971380233765
1780876620.0071561,APPROACH_ENTRANCE,51.70044469833374
1780876620.1064706,APPROACH_ENTRANCE,51.79975914955139
1780876620.2065399,APPROACH_ENTRANCE,51.89982843399048
1780876620.30652,APPROACH_ENTRANCE,51.99980854988098
1780876620.406508,APPROACH_ENTRANCE,52.099796533584595
1780876620.5065103,APPROACH_ENTRANCE,52.199798822402954
1780876620.6064577,APPROACH_ENTRANCE,52.29974627494812
1780876620.7066445,APPROACH_ENTRANCE,52.399933099746704
1780876620.806705,APPROACH_ENTRANCE,52.499993562698364
1780876620.9068053,APPROACH_ENTRANCE,52.600093841552734
1780876621.00659,APPROACH_ENTRANCE,52.699878454208374
1780876621.1065445,APPROACH_ENTRANCE,52.79983305931091
1780876621.2065356,APPROACH_ENTRANCE,52.899824142456055
1780876621.3064544,APPROACH_ENTRANCE,52.99974298477173
1780876621.406455,APPROACH_ENTRANCE,53.099743604660034
1780876621.5065806,APPROACH_ENTRANCE,53.19986915588379
1780876621.6065378,APPROACH_ENTRANCE,53.2998263835907
1780876621.7071173,ALIGN_CENTERLINE,53.40040588378906
1780876621.8065357,ALIGN_CENTERLINE,53.4998242855072
1780876621.9065256,ALIGN_CENTERLINE,53.59981417655945
1780876622.006608,ALIGN_CENTERLINE,53.699896574020386
1780876622.1066241,ALIGN_CENTERLINE,53.79991269111633
1780876622.2065308,ALIGN_CENTERLINE,53.89981937408447
1780876622.3066874,ALIGN_CENTERLINE,53.99997591972351
1780876622.4067464,ALIGN_CENTERLINE,54.100034952163696
1780876622.5066152,ALIGN_CENTERLINE,54.19990372657776
1780876622.6068423,ALIGN_CENTERLINE,54.30013084411621
1780876622.7065566,ALIGN_CENTERLINE,54.399845123291016
1780876622.8065355,ALIGN_CENTERLINE,54.49982404708862
1780876622.9067829,ALIGN_CENTERLINE,54.6000714302063
1780876623.0065558,ALIGN_CENTERLINE,54.69984436035156
1780876623.1065383,ALIGN_CENTERLINE,54.799826860427856
1780876623.2068791,ALIGN_CENTERLINE,54.90016770362854
1780876623.3066347,ALIGN_CENTERLINE,54.99992322921753
1780876623.4064364,ALIGN_CENTERLINE,55.099725008010864
1780876623.5066214,ALIGN_CENTERLINE,55.199909925460815
1780876623.6064713,ALIGN_CENTERLINE,55.29975986480713
1780876623.7066596,ALIGN_CENTERLINE,55.39994812011719
1780876623.8064568,ALIGN_CENTERLINE,55.49974536895752
1780876623.906514,ALIGN_CENTERLINE,55.59980249404907
1780876624.006662,ALIGN_CENTERLINE,55.69995045661926
1780876624.106462,ALIGN_CENTERLINE,55.799750566482544
1780876624.2065117,ALIGN_CENTERLINE,55.899800300598145
1780876624.3069863,ALIGN_CENTERLINE,56.000274896621704
1780876624.406659,ALIGN_CENTERLINE,56.099947452545166
1780876624.5066328,ALIGN_CENTERLINE,56.19992136955261
1780876624.6065214,ALIGN_CENTERLINE,56.29980993270874
1780876624.706522,ALIGN_CENTERLINE,56.399810552597046
1780876624.8065205,ALIGN_CENTERLINE,56.49980902671814
1780876624.9064837,ALIGN_CENTERLINE,56.599772214889526
1780876625.0066369,ALIGN_CENTERLINE,56.69992542266846
1780876625.106486,ALIGN_CENTERLINE,56.79977464675903
1780876625.206461,ALIGN_CENTERLINE,56.899749517440796
1780876625.3065274,ALIGN_CENTERLINE,56.999815940856934
1780876625.4066176,ALIGN_CENTERLINE,57.09990620613098
1780876625.506798,ALIGN_CENTERLINE,57.20008659362793
1780876625.6065943,ALIGN_CENTERLINE,57.299882888793945
1780876625.706597,ALIGN_CENTERLINE,57.39988565444946
1780876625.80646,ALIGN_CENTERLINE,57.49974846839905
1780876625.9064674,ALIGN_CENTERLINE,57.59975600242615
1780876626.006564,ALIGN_CENTERLINE,57.69985246658325
1780876626.1069064,ALIGN_CENTERLINE,57.80019497871399
1780876626.2067385,ALIGN_CENTERLINE,57.90002703666687
1780876626.306556,ALIGN_CENTERLINE,57.999844551086426
1780876626.4067125,ALIGN_CENTERLINE,58.100001096725464
1780876626.5066252,ALIGN_CENTERLINE,58.19991374015808
1780876626.606701,ALIGN_CENTERLINE,58.299989461898804
1780876626.706486,ALIGN_CENTERLINE,58.3997745513916
1780876626.8067572,ALIGN_CENTERLINE,58.50004577636719
1780876626.9066567,ALIGN_CENTERLINE,58.599945306777954
1780876627.0066195,ALIGN_CENTERLINE,58.69990801811218
1780876627.1064723,ALIGN_CENTERLINE,58.799760818481445
1780876627.206863,ALIGN_CENTERLINE,58.90015149116516
1780876627.3065243,ALIGN_CENTERLINE,58.999812841415405
1780876627.4064696,ALIGN_CENTERLINE,59.09975814819336
1780876627.50647,ALIGN_CENTERLINE,59.199758529663086
1780876627.6065426,ALIGN_CENTERLINE,59.29983115196228
1780876627.7064145,ALIGN_CENTERLINE,59.39970302581787
1780876627.8067627,ALIGN_CENTERLINE,59.50005125999451
1780876627.9065816,ALIGN_CENTERLINE,59.59987020492554
1780876628.0067196,ALIGN_CENTERLINE,59.700008153915405
1780876628.1067667,ALIGN_CENTERLINE,59.800055265426636
1780876628.2065485,ALIGN_CENTERLINE,59.899837017059326
1780876628.3067253,ALIGN_CENTERLINE,60.00001382827759
1780876628.4066787,ALIGN_CENTERLINE,60.09996724128723
1780876628.5065882,ALIGN_CENTERLINE,60.19987678527832
1780876628.6064863,ALIGN_CENTERLINE,60.29977488517761
1780876628.7067273,ALIGN_CENTERLINE,60.40001583099365
1780876628.8068395,ALIGN_CENTERLINE,60.50012803077698
1780876628.9065824,ALIGN_CENTERLINE,60.599870920181274
1780876629.006964,ALIGN_CENTERLINE,60.700252532958984
1780876629.1068108,ALIGN_CENTERLINE,60.80009937286377
1780876629.2067468,ALIGN_CENTERLINE,60.90003538131714
1780876629.306501,ALIGN_CENTERLINE,60.99978947639465
1780876629.4065096,ALIGN_CENTERLINE,61.09979820251465
1780876629.5068512,ALIGN_CENTERLINE,61.20013976097107
1780876629.606478,ALIGN_CENTERLINE,61.299766540527344
1780876629.7068002,ALIGN_CENTERLINE,61.40008878707886
1780876629.8072126,ALIGN_CENTERLINE,61.50050115585327
1780876629.9068692,ALIGN_CENTERLINE,61.600157737731934
1780876630.006587,ALIGN_CENTERLINE,61.699875593185425
1780876630.106524,ALIGN_CENTERLINE,61.79981255531311
1780876630.2066183,ALIGN_CENTERLINE,61.899906873703
1780876630.3070035,ALIGN_CENTERLINE,62.0002920627594
1780876630.4067667,ALIGN_CENTERLINE,62.10005521774292
1780876630.5065136,ALIGN_CENTERLINE,62.19980216026306
1780876630.6067255,ALIGN_CENTERLINE,62.30001401901245
1780876630.7065837,ALIGN_CENTERLINE,62.39987230300903
1780876630.8067102,ALIGN_CENTERLINE,62.499998807907104
1780876630.9064887,ALIGN_CENTERLINE,62.59977722167969
1780876631.0065532,ALIGN_CENTERLINE,62.69984173774719
1780876631.1064522,ALIGN_CENTERLINE,62.7997407913208
1780876631.206608,ALIGN_CENTERLINE,62.8998966217041
1780876631.3065894,ALIGN_CENTERLINE,62.9998779296875
1780876631.4064803,ALIGN_CENTERLINE,63.09976887702942
1780876631.5065696,ALIGN_CENTERLINE,63.19985818862915
1780876631.6065583,ALIGN_CENTERLINE,63.2998468875885
1780876631.7064362,ALIGN_CENTERLINE,63.39972472190857
1780876631.8065856,ALIGN_CENTERLINE,63.499874114990234
1780876631.906747,ALIGN_CENTERLINE,63.600035667419434
1780876632.0065527,ALIGN_CENTERLINE,63.699841260910034
1780876632.106567,ALIGN_CENTERLINE,63.79985547065735
1780876632.206561,ALIGN_CENTERLINE,63.89984965324402
1780876632.30675,ALIGN_CENTERLINE,64.00003862380981
1780876632.406614,ALIGN_CENTERLINE,64.0999026298523
1780876632.50654,ALIGN_CENTERLINE,64.19982862472534
1780876632.60647,ALIGN_CENTERLINE,64.29975867271423
1780876632.7064326,ALIGN_CENTERLINE,64.39972114562988
1780876632.8066115,ALIGN_CENTERLINE,64.49990010261536
1780876632.9064755,ALIGN_CENTERLINE,64.59976410865784
1780876633.0065558,ALIGN_CENTERLINE,64.69984436035156
1780876633.1068199,ALIGN_CENTERLINE,64.80010843276978
1780876633.2065856,ALIGN_CENTERLINE,64.89987421035767
1780876633.3066096,ALIGN_CENTERLINE,64.99989819526672
1780876633.4067998,ALIGN_CENTERLINE,65.10008835792542
1780876633.5068836,ALIGN_CENTERLINE,65.20017218589783
1780876633.6068735,ALIGN_CENTERLINE,65.30016207695007
1780876633.706528,ALIGN_CENTERLINE,65.39981651306152
1780876633.8067217,ALIGN_CENTERLINE,65.5000102519989
1780876633.906481,ALIGN_CENTERLINE,65.59976959228516
1780876634.006509,ALIGN_CENTERLINE,65.69979763031006
1780876634.106487,ALIGN_CENTERLINE,65.79977560043335
1780876634.2068007,ALIGN_CENTERLINE,65.90008926391602
1780876634.3064585,ALIGN_CENTERLINE,65.99974703788757
1780876634.406489,ALIGN_CENTERLINE,66.09977746009827
1780876634.5065923,ALIGN_CENTERLINE,66.19988083839417
1780876634.6068087,ALIGN_CENTERLINE,66.30009722709656
1780876634.7065096,ALIGN_CENTERLINE,66.39979815483093
1780876634.806586,ALIGN_CENTERLINE,66.49987459182739
1780876634.9065175,ALIGN_CENTERLINE,66.59980607032776
1780876635.0068417,ALIGN_CENTERLINE,66.7001302242279
1780876635.1065514,ALIGN_CENTERLINE,66.7998399734497
1780876635.2064192,ALIGN_CENTERLINE,66.89970779418945
1780876635.3064682,ALIGN_CENTERLINE,66.99975681304932
1780876635.4065104,ALIGN_CENTERLINE,67.09979891777039
1780876635.5066206,ALIGN_CENTERLINE,67.19990921020508
1780876635.6066062,ALIGN_CENTERLINE,67.2998948097229
1780876635.706579,ALIGN_CENTERLINE,67.39986753463745
1780876635.8064897,ALIGN_CENTERLINE,67.49977827072144
1780876635.9065688,ALIGN_CENTERLINE,67.59985733032227
1780876636.0067992,ALIGN_CENTERLINE,67.70008778572083
1780876636.1064532,ALIGN_CENTERLINE,67.79974174499512
1780876636.206463,ALIGN_CENTERLINE,67.89975166320801
1780876636.3066587,ALIGN_CENTERLINE,67.99994730949402
1780876636.4065974,ALIGN_CENTERLINE,68.09988594055176
1780876636.506634,ALIGN_CENTERLINE,68.19992256164551
1780876636.6066525,ALIGN_CENTERLINE,68.29994106292725
1780876636.7065403,ALIGN_CENTERLINE,68.39982891082764
1780876636.8068264,ALIGN_CENTERLINE,68.50011491775513
1780876636.906532,ALIGN_CENTERLINE,68.59982061386108
1780876637.0065732,ALIGN_CENTERLINE,68.69986176490784
1780876637.1067345,ALIGN_CENTERLINE,68.80002307891846
1780876637.2066503,ALIGN_CENTERLINE,68.8999388217926
1780876637.3064823,ALIGN_CENTERLINE,68.99977087974548
1780876637.4064453,ALIGN_CENTERLINE,69.09973382949829
1780876637.5067055,ALIGN_CENTERLINE,69.19999408721924
1780876637.6068046,ALIGN_CENTERLINE,69.30009317398071
1780876637.7064798,ALIGN_CENTERLINE,69.39976835250854
1780876637.8064606,ALIGN_CENTERLINE,69.49974918365479
1780876637.906586,ALIGN_CENTERLINE,69.59987449645996
1780876638.0065875,ALIGN_CENTERLINE,69.69987607002258
1780876638.106562,ALIGN_CENTERLINE,69.79985046386719
1780876638.206895,ALIGN_CENTERLINE,69.90018367767334
1780876638.3067179,ALIGN_CENTERLINE,70.00000643730164
1780876638.4066036,ALIGN_CENTERLINE,70.09989213943481
1780876638.5065346,ALIGN_CENTERLINE,70.19982314109802
1780876638.6066942,ALIGN_CENTERLINE,70.29998278617859
1780876638.7064524,ALIGN_CENTERLINE,70.39974093437195
1780876638.8066716,ALIGN_CENTERLINE,70.49996018409729
1780876638.9068704,ALIGN_CENTERLINE,70.60015892982483
1780876639.006586,ALIGN_CENTERLINE,70.69987463951111
1780876639.1064205,ALIGN_CENTERLINE,70.79970908164978
1780876639.206679,ALIGN_CENTERLINE,70.89996767044067
1780876639.3065162,ALIGN_CENTERLINE,70.99980473518372
1780876639.4065354,ALIGN_CENTERLINE,71.09982395172119
1780876639.506483,ALIGN_CENTERLINE,71.19977164268494
1780876639.6065981,ALIGN_CENTERLINE,71.29988670349121
1780876639.706485,ALIGN_CENTERLINE,71.39977359771729
1780876639.806463,ALIGN_CENTERLINE,71.49975156784058
1780876639.9065123,ALIGN_CENTERLINE,71.59980082511902
1780876640.0067723,ALIGN_CENTERLINE,71.70006084442139
1780876640.1065195,ALIGN_CENTERLINE,71.79980802536011
1780876640.2065094,ALIGN_CENTERLINE,71.89979791641235
1780876640.3068328,ALIGN_CENTERLINE,72.00012135505676
1780876640.4067533,ALIGN_CENTERLINE,72.10004186630249
1780876640.5076332,ALIGN_CENTERLINE,72.20092177391052
1780876640.6066694,ALIGN_CENTERLINE,72.29995799064636
1780876640.706578,ALIGN_CENTERLINE,72.39986658096313
1780876640.806727,ALIGN_CENTERLINE,72.50001549720764
1780876640.9064891,ALIGN_CENTERLINE,72.59977769851685
1780876641.0065382,ALIGN_CENTERLINE,72.69982671737671
1780876641.1065316,ALIGN_CENTERLINE,72.79982018470764
1780876641.2065334,ALIGN_CENTERLINE,72.89982199668884
1780876641.3068874,ALIGN_CENTERLINE,73.00017595291138
1780876641.4065027,ALIGN_CENTERLINE,73.09979128837585
1780876641.5065043,ALIGN_CENTERLINE,73.19979286193848
1780876641.6064548,ALIGN_CENTERLINE,73.29974341392517
1780876641.7068663,ALIGN_CENTERLINE,73.40015482902527
1780876641.806508,ALIGN_CENTERLINE,73.49979662895203
1780876641.9065123,ALIGN_CENTERLINE,73.59980082511902
1780876642.0065029,ALIGN_CENTERLINE,73.699791431427
1780876642.1065605,ALIGN_CENTERLINE,73.79984903335571
1780876642.2064972,ALIGN_CENTERLINE,73.89978575706482
1780876642.30652,ALIGN_CENTERLINE,73.99980854988098
1780876642.4065142,ALIGN_CENTERLINE,74.09980273246765
1780876642.5066826,ALIGN_CENTERLINE,74.19997119903564
1780876642.606479,ALIGN_CENTERLINE,74.29976749420166
1780876642.7066755,ALIGN_CENTERLINE,74.39996409416199
1780876642.8066838,ALIGN_CENTERLINE,74.49997234344482
1780876642.9071116,ALIGN_CENTERLINE,74.60040020942688
1780876643.0069842,ALIGN_CENTERLINE,74.70027279853821
1780876643.1068256,ALIGN_CENTERLINE,74.80011415481567
1780876643.206579,ALIGN_CENTERLINE,74.89986753463745
1780876643.3065512,ALIGN_CENTERLINE,74.99983978271484
1780876643.4065201,ALIGN_CENTERLINE,75.09980869293213
1780876643.506567,ALIGN_CENTERLINE,75.19985556602478
1780876643.606483,ALIGN_CENTERLINE,75.2997715473175
1780876643.70652,ALIGN_CENTERLINE,75.39980864524841
1780876643.8065739,ALIGN_CENTERLINE,75.49986243247986
1780876643.9068184,ALIGN_CENTERLINE,75.60010695457458
1780876644.0065224,ALIGN_CENTERLINE,75.69981098175049
1780876644.1065109,ALIGN_CENTERLINE,75.79979944229126
1780876644.2064996,ALIGN_CENTERLINE,75.89978814125061
1780876644.3065631,ALIGN_CENTERLINE,75.9998517036438
1780876644.4065611,ALIGN_CENTERLINE,76.09984970092773
1780876644.506557,ALIGN_CENTERLINE,76.19984555244446
1780876644.6065245,ALIGN_CENTERLINE,76.29981303215027
1780876644.7065113,ALIGN_CENTERLINE,76.39979982376099
1780876644.8065708,ALIGN_CENTERLINE,76.49985933303833
1780876644.9066226,ALIGN_CENTERLINE,76.59991121292114
1780876645.006503,ALIGN_CENTERLINE,76.69979166984558
1780876645.1065736,ALIGN_CENTERLINE,76.79986214637756
1780876645.206827,ALIGN_CENTERLINE,76.90011548995972
1780876645.3068,ALIGN_CENTERLINE,77.00008845329285
1780876645.4067767,ALIGN_CENTERLINE,77.10006523132324
1780876645.506915,ALIGN_CENTERLINE,77.20020365715027
1780876645.6065903,ALIGN_CENTERLINE,77.2998788356781
1780876645.706625,ALIGN_CENTERLINE,77.39991354942322
1780876645.8067474,ALIGN_CENTERLINE,77.50003600120544
1780876645.9067285,ALIGN_CENTERLINE,77.60001707077026
1780876646.0065773,ALIGN_CENTERLINE,77.69986581802368
1780876646.1068382,ALIGN_CENTERLINE,77.80012679100037
1780876646.2065954,ALIGN_CENTERLINE,77.89988398551941
1780876646.3065703,ALIGN_CENTERLINE,77.99985885620117
1780876646.4064646,ALIGN_CENTERLINE,78.0997531414032
1780876646.5066059,ALIGN_CENTERLINE,78.19989442825317
1780876646.6065137,ALIGN_CENTERLINE,78.29980230331421
1780876646.706556,ALIGN_CENTERLINE,78.39984464645386
1780876646.8064728,ALIGN_CENTERLINE,78.49976134300232
1780876646.9065685,ALIGN_CENTERLINE,78.59985709190369
1780876647.0069518,ALIGN_CENTERLINE,78.70024037361145
1780876647.1067603,ALIGN_CENTERLINE,78.800048828125
1780876647.2066119,ALIGN_CENTERLINE,78.89990043640137
1780876647.3067267,ALIGN_CENTERLINE,79.00001525878906
1780876647.4067342,ALIGN_CENTERLINE,79.10002279281616
1780876647.5066676,ALIGN_CENTERLINE,79.19995617866516
1780876647.6065521,ALIGN_CENTERLINE,79.29984068870544
1780876647.7065802,ALIGN_CENTERLINE,79.39986872673035
1780876647.8065085,ALIGN_CENTERLINE,79.49979710578918
1780876647.906471,ALIGN_CENTERLINE,79.59975957870483
1780876648.0064821,ALIGN_CENTERLINE,79.69977068901062
1780876648.1065388,ALIGN_CENTERLINE,79.79982733726501
1780876648.2065516,ALIGN_CENTERLINE,79.89984011650085
1780876648.3068025,ALIGN_CENTERLINE,80.00009107589722
1780876648.4068584,ALIGN_CENTERLINE,80.10014700889587
1780876648.506554,ALIGN_CENTERLINE,80.19984245300293
1780876648.6065383,ALIGN_CENTERLINE,80.29982686042786
1780876648.7067223,ALIGN_CENTERLINE,80.40001082420349
1780876648.8066063,ALIGN_CENTERLINE,80.49989485740662
1780876648.9073129,ALIGN_CENTERLINE,80.60060143470764
1780876649.006541,ALIGN_CENTERLINE,80.69982957839966
1780876649.1068664,ALIGN_CENTERLINE,80.8001549243927
1780876649.206519,ALIGN_CENTERLINE,80.89980745315552
1780876649.3065128,ALIGN_CENTERLINE,80.99980139732361
1780876649.4064963,ALIGN_CENTERLINE,81.09978485107422
1780876649.5066137,ALIGN_CENTERLINE,81.19990229606628
1780876649.6069055,ALIGN_CENTERLINE,81.30019402503967
1780876649.7065282,ALIGN_CENTERLINE,81.3998167514801
1780876649.8065324,ALIGN_CENTERLINE,81.4998209476471
1780876649.907246,DOCKED,81.6005346775055
1780876650.006564,DOCKED,81.69985246658325
1780876650.1066048,DOCKED,81.79989337921143
1780876650.2064626,DOCKED,81.89975118637085
1780876650.3064477,DOCKED,81.99973630905151
1780876650.406592,DOCKED,82.09988045692444
1780876650.5067463,DOCKED,82.20003485679626
1780876650.6065989,DOCKED,82.29988741874695
1780876650.7067795,DOCKED,82.40006804466248
1780876650.806524,DOCKED,82.49981260299683
1780876650.9064555,DOCKED,82.59974408149719
1780876651.0065203,DOCKED,82.69980883598328
1780876651.1065545,DOCKED,82.79984307289124
1780876651.2068527,DOCKED,82.90014123916626
1780876651.3065789,DOCKED,82.99986743927002
1780876651.406679,DOCKED,83.09996747970581
1780876651.5065825,DOCKED,83.19987106323242
1780876651.6070042,DOCKED,83.30029273033142
1780876651.7065392,DOCKED,83.39982771873474
1780876651.8064542,DOCKED,83.49974274635315
1780876651.9070797,DOCKED,83.60036826133728
1780876652.0065534,DOCKED,83.69984197616577
1780876652.1066165,DOCKED,83.7999050617218
1780876652.2066896,DOCKED,83.89997816085815
1780876652.3065097,DOCKED,83.99979829788208
1780876652.4064586,DOCKED,84.09974718093872
1780876652.5067306,DOCKED,84.20001912117004
1780876652.6067863,DOCKED,84.30007481575012
1780876652.7064261,DOCKED,84.39971470832825
1780876652.806511,DOCKED,84.49979948997498
1780876652.9064913,DOCKED,84.59977984428406
1780876653.0067508,DOCKED,84.70003938674927
1780876653.106489,DOCKED,84.79977750778198
1780876653.2065217,DOCKED,84.89981031417847
1780876653.3074608,DOCKED,85.00074934959412
1780876653.406438,DOCKED,85.09972667694092
1780876653.5065207,DOCKED,85.19980931282043
1780876653.6065147,DOCKED,85.29980325698853
1780876653.706473,DOCKED,85.39976167678833
1780876653.806523,DOCKED,85.49981164932251
1780876653.9065242,DOCKED,85.59981274604797
1780876654.0064812,DOCKED,85.6997697353363
1780876654.106628,DOCKED,85.7999165058136
1780876654.2065854,DOCKED,85.89987397193909
1780876654.3064778,DOCKED,85.99976634979248
1780876654.4064746,DOCKED,86.09976315498352
1780876654.5066645,DOCKED,86.19995307922363
1780876654.6064708,DOCKED,86.29975938796997
1780876654.7066174,DOCKED,86.39990592002869
1780876654.8064737,DOCKED,86.49976229667664
1780876654.9067457,DOCKED,86.60003423690796
1780876655.0064776,DOCKED,86.69976615905762
1780876655.1064787,DOCKED,86.79976725578308
1780876655.2065134,DOCKED,86.8998019695282
1780876655.3064985,DOCKED,86.99978709220886
1780876655.4064522,DOCKED,87.09974074363708
1780876655.5065727,DOCKED,87.19986128807068
1780876655.606858,DOCKED,87.30014657974243
1780876655.7068386,DOCKED,87.40012717247009
1780876655.8064477,DOCKED,87.49973630905151
1780876655.9064612,DOCKED,87.59974980354309
1780876656.0066907,DOCKED,87.69997930526733
1780876656.1064913,DOCKED,87.79977989196777
1780876656.2067802,DOCKED,87.90006875991821
1780876656.3064296,DOCKED,87.9997181892395
1780876656.4066355,DOCKED,88.09992408752441
1780876656.5068347,DOCKED,88.20012331008911
1780876656.6064541,DOCKED,88.29974269866943
1780876656.7066007,DOCKED,88.39988923072815
1780876656.806582,DOCKED,88.49987053871155
1780876656.9065325,DOCKED,88.59982109069824
1780876657.006583,DOCKED,88.69987154006958
1780876657.1067395,DOCKED,88.80002808570862
1780876657.2067869,DOCKED,88.90007543563843
1780876657.30645,DOCKED,88.99973845481873
1780876657.4066234,DOCKED,89.09991192817688
1780876657.5066252,DOCKED,89.19991374015808
1780876657.606523,DOCKED,89.2998116016388
1780876657.7064166,DOCKED,89.39970517158508
1780876657.806834,DOCKED,89.50012254714966
1780876657.9067035,DOCKED,89.59999203681946
1780876658.0065856,DOCKED,89.69987416267395
1780876658.106437,DOCKED,89.79972553253174
1780876658.2066717,DOCKED,89.89996027946472
1780876658.306433,DOCKED,89.99972152709961
1780876658.4068618,DOCKED,90.10015034675598
1780876658.5064697,DOCKED,90.1997582912445
1780876658.6068163,DOCKED,90.30010485649109
1780876658.7068346,DOCKED,90.40012311935425
1780876658.8066673,DOCKED,90.49995589256287
1780876658.9068596,DOCKED,90.60014820098877
1780876659.0067608,DOCKED,90.70004940032959
1780876659.106954,DOCKED,90.80024266242981
1780876659.2065456,DOCKED,90.89983415603638
1780876659.3065543,DOCKED,90.99984288215637
1780876659.4066055,DOCKED,91.09989404678345
1780876659.506694,DOCKED,91.19998264312744
1780876659.6066318,DOCKED,91.29992032051086
1780876659.706595,DOCKED,91.39988350868225
1780876659.8067124,DOCKED,91.50000095367432
1780876659.9069116,DOCKED,91.60020017623901
1780876660.0065289,DOCKED,91.69981741905212
1780876660.1065214,DOCKED,91.79980993270874
1780876660.2068164,DOCKED,91.90010499954224
1780876660.3064985,DOCKED,91.99978709220886
1780876660.4066062,DOCKED,92.09989476203918
1780876660.5066597,DOCKED,92.19994831085205
1780876660.606476,DOCKED,92.29976463317871
1780876660.706476,DOCKED,92.39976453781128
1780876660.8064895,DOCKED,92.49977803230286
1780876660.9065528,DOCKED,92.59984135627747
1780876661.0064735,DOCKED,92.69976210594177
1780876661.1066968,DOCKED,92.79998540878296
1780876661.2065542,DOCKED,92.89984273910522
1780876661.3066604,DOCKED,92.99994897842407
1780876661.4065645,DOCKED,93.09985303878784
1780876661.5068047,DOCKED,93.20009326934814
1780876661.6064713,DOCKED,93.29975986480713
1780876661.706598,DOCKED,93.39988660812378
1780876661.8065023,DOCKED,93.49979090690613
1780876661.9068205,DOCKED,93.6001091003418
1780876662.0065064,DOCKED,93.69979500770569
1780876662.1064472,DOCKED,93.79973578453064
1780876662.2066221,DOCKED,93.89991068840027
1780876662.3066854,DOCKED,93.99997401237488
1780876662.4064782,DOCKED,94.0997667312622
1780876662.506533,DOCKED,94.19982147216797
1780876662.606466,DOCKED,94.29975461959839
1780876662.7064376,DOCKED,94.39972615242004
1780876662.8064597,DOCKED,94.49974822998047
1780876662.9064512,DOCKED,94.59973978996277
1780876663.006528,DOCKED,94.69981646537781
1780876663.106684,DOCKED,94.79997253417969
1780876663.2064717,DOCKED,94.89976024627686
1780876663.3064678,DOCKED,94.99975633621216
1780876663.406796,DOCKED,95.10008454322815
1780876663.5065708,DOCKED,95.19985938072205
1780876663.606874,DOCKED,95.30016255378723
1780876663.7066967,DOCKED,95.39998531341553
1780876663.8064816,DOCKED,95.49977016448975
1780876663.9065535,DOCKED,95.5998420715332
1780876664.0065207,DOCKED,95.69980931282043
1780876664.1064353,DOCKED,95.79972386360168
1780876664.2067618,DOCKED,95.90005040168762
1780876664.306499,DOCKED,95.99978756904602
1780876664.4067934,DOCKED,96.10008192062378
1780876664.506836,DOCKED,96.200124502182
1780876664.6064909,DOCKED,96.29977941513062
1780876664.7065763,DOCKED,96.39986491203308
1780876664.8066964,DOCKED,96.49998497962952
1780876664.9065661,DOCKED,96.5998547077179
1780876665.006651,DOCKED,96.69993948936462
1780876665.1067321,DOCKED,96.80002069473267
1780876665.2064822,DOCKED,96.89977073669434
1780876665.3065455,DOCKED,96.99983406066895
1780876665.406529,DOCKED,97.09981751441956
1780876665.506575,DOCKED,97.19986367225647
1780876665.6064515,DOCKED,97.29974007606506
1780876665.7067118,DOCKED,97.40000033378601
1780876665.8067126,DOCKED,97.5000011920929
1780876665.9067354,DOCKED,97.60002398490906
1780876666.006535,DOCKED,97.69982361793518
1780876666.1066334,DOCKED,97.79992198944092
1780876666.2065403,DOCKED,97.89982891082764
1780876666.3064806,DOCKED,97.99976921081543
1780876666.4064846,DOCKED,98.09977316856384
1780876666.5066328,DOCKED,98.19992136955261
1780876666.6066473,DOCKED,98.2999358177185
1780876666.7065601,DOCKED,98.3998486995697
1780876666.8065705,DOCKED,98.49985909461975
1780876666.9070568,DOCKED,98.60034537315369
1780876667.006864,DOCKED,98.70015263557434
1780876667.106561,DOCKED,98.79984951019287
1780876667.2067776,DOCKED,98.90006613731384
1780876667.3064413,DOCKED,98.99972987174988
1780876667.4064462,DOCKED,99.09973478317261
1780876667.506707,DOCKED,99.19999551773071
1780876667.606635,DOCKED,99.29992365837097
1780876667.7064354,DOCKED,99.39972400665283
1780876667.8066819,DOCKED,99.49997043609619
1780876667.9064655,DOCKED,99.59975409507751
1780876668.0067937,DOCKED,99.7000823020935
1780876668.1067054,DOCKED,99.7999939918518
1780876668.2065065,DOCKED,99.8997950553894
1780876668.3065033,DOCKED,99.99979186058044
1780876668.4066837,DOCKED,100.09997224807739
1780876668.5066319,DOCKED,100.1999204158783
1780876668.606551,DOCKED,100.29983949661255
1780876668.7067378,DOCKED,100.40002632141113
1780876668.8064542,DOCKED,100.49974274635315
1780876668.9065218,DOCKED,100.59981036186218
1780876669.0066361,DOCKED,100.69992470741272
1780876669.1067324,DOCKED,100.80002093315125
1780876669.206553,DOCKED,100.89984154701233
1780876669.3064446,DOCKED,100.99973320960999
1780876669.406454,DOCKED,101.09974265098572
1780876669.5065763,DOCKED,101.19986486434937
1780876669.6064482,DOCKED,101.29973673820496
1780876669.7067018,DOCKED,101.39999032020569
1780876669.8066308,DOCKED,101.49991941452026
1780876669.9065151,DOCKED,101.59980368614197
1780876670.0065627,DOCKED,101.69985127449036
1780876670.1065521,DOCKED,101.79984068870544
1780876670.2065601,DOCKED,101.8998486995697
1780876670.3065073,DOCKED,101.99979591369629
1780876670.4064536,DOCKED,102.09974217414856
1780876670.5065072,DOCKED,102.19979572296143
1780876670.606769,DOCKED,102.30005764961243
1780876670.7064395,DOCKED,102.39972805976868
1780876670.806457,DOCKED,102.4997456073761
1780876670.9065866,DOCKED,102.5998752117157
1780876671.0064957,DOCKED,102.69978427886963
1780876671.1064658,DOCKED,102.79975438117981
1780876671.206471,DOCKED,102.89975953102112
1780876671.3066678,DOCKED,102.99995636940002
1780876671.4066656,DOCKED,103.09995412826538
1780876671.5066583,DOCKED,103.19994688034058
1780876671.606543,DOCKED,103.29983162879944
1780876671.7068844,DOCKED,103.40017294883728
1780876671.8064976,DOCKED,103.49978613853455
1780876671.906462,DOCKED,103.59975051879883
1780876672.006718,DOCKED,103.70000648498535
1780876672.1065264,DOCKED,103.7998149394989
1780876672.2066553,DOCKED,103.89994382858276
1780876672.306439,DOCKED,103.99972748756409
1780876672.4064877,DOCKED,104.09977626800537
1780876672.5068228,DOCKED,104.20011138916016
1780876672.6064203,DOCKED,104.2997088432312
1780876672.706792,DOCKED,104.40008068084717
1780876672.8064258,DOCKED,104.49971437454224
1780876672.9066257,DOCKED,104.59991431236267
1780876673.006592,DOCKED,104.69988059997559
