t,x,y,z,yaw,time_s
1780780888.7349727,4.00873951266508,-0.4949543113478048,0.21861250347392241,-0.5235926535898203,0.08577561378479004
1780780888.7572324,4.008721998604655,-0.49496442295234433,0.21861059422462029,-0.5235926535898208,0.10803532600402832
1780780888.7791972,4.008706015351828,-0.4949736507572012,0.21845568909212484,-0.5235926535898194,0.13000011444091797
1780780888.8029804,4.008683268689237,-0.4949867833632989,0.2187485553710045,-0.5235926535898199,0.15378332138061523
1780780888.8253279,4.008670188730527,-0.4949943349742139,0.21854989232063587,-0.5235926535898212,0.1761307716369629
1780780888.847188,4.008655045748736,-0.4950030776552192,0.21842827001717,-0.5235926535898225,0.19799089431762695
1780780888.8745627,4.008633529073655,-0.49501550013773465,0.21875975155106558,-0.5235926535898234,0.22536563873291016
1780780888.8973744,4.008622806492454,-0.4950216907353533,0.21847692895489307,-0.5235926535898234,0.24817728996276855
1780780888.9198399,4.008606508556981,-0.4950311002197527,0.21851624386029503,-0.5235926535898243,0.2706427574157715
1780780888.941377,4.008588889637354,-0.49504127236392526,0.21873198025479076,-0.5235926535898257,0.29217982292175293
1780780888.9639547,4.008580372099257,-0.49504618989731203,0.21838738873640848,-0.5235926535898243,0.3147575855255127
1780780888.9881592,4.008562845531053,-0.4950563087231201,0.21858867967319925,-0.5235926535898252,0.3389620780944824
1780780889.0088074,4.008550021400613,-0.4950637126336016,0.21863997937703275,-0.5235926535898265,0.35961031913757324
1780780889.0304575,4.0085408727856535,-0.49506899451423303,0.21841321338660344,-0.5235926535898265,0.38126039505004883
1780780889.0537627,4.0085246006182125,-0.49507838912166235,0.21864803297526653,-0.5235926535898257,0.40456557273864746
1780780889.0759258,4.008516754677634,-0.4950829189135238,0.21849036004819622,-0.523592653589827,0.4267287254333496
1780780889.0977023,4.008506585804637,-0.4950887898320804,0.21842539024787724,-0.5235926535898243,0.448505163192749
1780780889.1235871,4.008491236274678,-0.4950976517620427,0.21874073337501146,-0.5235926535898257,0.47439002990722656
1780780889.1486864,4.008486854343073,-0.4951001816356659,0.2184547239527151,-0.5235926535898279,0.49948930740356445
1780780889.1711657,4.008477877956388,-0.4951053640816643,0.218423371106122,-0.5235926535898279,0.5219686031341553
1780780889.1917324,4.008465490762844,-0.49511251573007864,0.21869550633244655,-0.5235926535898279,0.5425353050231934
1780780889.2142954,4.008462412546946,-0.4951142929137303,0.21840706776957883,-0.5235926535898283,0.5650982856750488
1780780889.2352822,4.0084525435583895,-0.4951199906963734,0.21853728243258227,-0.5235926535898296,0.5860850811004639
1780780889.257218,4.008445373189788,-0.4951241304520873,0.21863973863488567,-0.5235926535898288,0.6080207824707031
1780780889.2813194,4.0084438259589215,-0.49512502373361417,0.21834379866344217,-0.5235926535898279,0.632122278213501
1780780889.302821,4.0084331155060315,-0.4951312073290464,0.21863578659359562,-0.523592653589827,0.6536238193511963
1780780889.3252752,4.0084311044891034,-0.49513236837379576,0.2185326708542612,-0.523592653589827,0.6760780811309814
1780780889.3486042,4.008428822125436,-0.49513368607844377,0.21839627379085733,-0.5235926535898279,0.6994071006774902
1780780889.3677423,4.008420526094395,-0.4951384757264812,0.21868111798332446,-0.5235926535898288,0.7185451984405518
1780780889.390796,4.008422733318642,-0.4951372014029845,0.2184087363458035,-0.5235926535898296,0.7415988445281982
1780780889.411548,4.0084195405664245,-0.49513904471327536,0.21843432155849862,-0.5235926535898296,0.7623507976531982
1780780889.4340131,4.008413673894879,-0.495142431789784,0.21871799764188815,-0.5235926535898296,0.7848160266876221
1780780889.456127,4.008418138972176,-0.4951398539126517,0.2183991102611909,-0.5235926535898301,0.8069298267364502
1780780889.4760754,4.008416217856225,-0.4951409630537813,0.2184582707777941,-0.5235926535898296,0.8268783092498779
1780780889.4983888,4.008414756815129,-0.49514180657432466,0.21861646200153886,-0.5235926535898274,0.8491916656494141
1780780889.5186574,4.008419004342733,-0.49513935429778994,0.2183759386692988,-0.5235926535898265,0.8694603443145752
1780780889.5409696,4.008416310386828,-0.49514090963196705,0.2185977108204138,-0.5235926535898257,0.8917725086212158
1780780889.5638063,4.008420401849625,-0.4951385474582178,0.21854568079401532,-0.523592653589827,0.9146091938018799
1780780889.5882056,4.008425992219916,-0.4951353199020572,0.2183394324718711,-0.5235926535898279,0.9390084743499756
1780780889.6124725,4.00842337840146,-0.49513682896951083,0.21868122168666476,-0.5235926535898252,0.9632754325866699
1780780889.632727,4.008431508919228,-0.4951321348792554,0.2184640537384985,-0.5235926535898252,0.983529806137085
1780780889.6558483,4.008436256561799,-0.4951293938652922,0.21841837850691295,-0.5235926535898257,1.0066511631011963
1780780889.6776962,4.008436906028465,-0.4951290189008391,0.21869892810837863,-0.5235926535898265,1.0284991264343262
1780780889.6981003,4.008448267795517,-0.4951224592743153,0.21836629903616184,-0.5235926535898283,1.048903226852417
1780780889.7200062,4.0084519559693454,-0.49512032993626814,0.21848281953650156,-0.5235926535898296,1.0708091259002686
1780780889.7402864,4.008456287171252,-0.4951178293510357,0.2186806591920913,-0.5235926535898292,1.0910892486572266
1780780889.7625785,4.008468372951668,-0.4951108517211107,0.21838361317391664,-0.5235926535898301,1.1133813858032227
1780780889.7854116,4.008473155542182,-0.49510809053022864,0.21853364064731964,-0.523592653589831,1.1362144947052002
1780780889.8065252,4.008482496262891,-0.49510269773885895,0.21853703067689445,-0.5235926535898332,1.1573281288146973
1780780889.8283956,4.008493459823515,-0.49509636801367307,0.21838740866146997,-0.523592653589835,1.1791985034942627
1780780889.8493555,4.008497765032663,-0.49509388243515406,0.21868560227607745,-0.5235926535898359,1.2001583576202393
1780780889.8708344,4.008511822305766,-0.4950857665794875,0.21849232832294246,-0.5235926535898354,1.22163724899292
1780780889.8926086,4.008523773074005,-0.4950788668977775,0.2183761281817398,-0.5235926535898368,1.2434115409851074
1780780889.9127054,4.008529348274869,-0.4950756480995662,0.218713059793808,-0.5235926535898385,1.2635083198547363
1780780889.9355247,4.0085457350399105,-0.49506618733011676,0.21843574186732678,-0.5235926535898372,1.286327600479126
1780780889.955785,4.008556503488849,-0.49505997025112297,0.21848060102028705,-0.5235926535898381,1.3065879344940186
1780780889.9786453,4.0085659032569385,-0.495054543369214,0.2187019327055342,-0.523592653589839,1.3294482231140137
1780780890.001851,4.008584347218766,-0.4950438948934399,0.218362981030607,-0.5235926535898381,1.352653980255127
1780780890.0250359,4.008593682155142,-0.49503850544160855,0.21856994674370225,-0.523592653589839,1.3758387565612793
1780780890.047995,4.008607618904187,-0.49503045916955657,0.21862694714654363,-0.5235926535898394,1.3987979888916016
1780780890.072253,4.008625104185522,-0.49502036418039785,0.21840588919249757,-0.523592653589839,1.42305588722229
1780780890.0909731,4.008635318334539,-0.4950144671220877,0.21864641007685734,-0.5235926535898399,1.4417760372161865
1780780890.1190352,4.008653793965082,-0.49500380036263025,0.2184944117455351,-0.5235926535898399,1.4698381423950195
1780780890.1408033,4.008669762634218,-0.4949945809775518,0.21843507452483132,-0.5235926535898403,1.4916062355041504
1780780890.1629279,4.008680352185641,-0.4949884671836272,0.21875599435594853,-0.5235926535898408,1.513730764389038
1780780890.1864607,4.008701679038388,-0.49497615429353614,0.21847548998274474,-0.5235926535898394,1.5372636318206787
1780780890.2071297,4.008718177475599,-0.4949666290510421,0.2184495671129432,-0.5235926535898394,1.5579326152801514
1780780890.2331326,4.008731011425734,-0.49495921947123583,0.218727055780354,-0.5235926535898394,1.5839354991912842
1780780890.258113,4.00875286493347,-0.4949466025210449,0.21844388286345107,-0.5235926535898403,1.6089158058166504
1780780890.2797968,4.008767649094986,-0.4949380670020913,0.21857929495671283,-0.5235926535898385,1.6305997371673584
1780780890.3019369,4.008784756628434,-0.49492819010269323,0.21868683930431784,-0.523592653589839,1.6527397632598877
1780780890.3229563,4.008807211731137,-0.4949152258263955,0.21839591044610532,-0.5235926535898394,1.6737592220306396
1780780890.3456447,4.00882018497164,-0.4949077358283944,0.21869289026839203,-0.5235926535898376,1.6964476108551025
1780780890.3661072,4.008841409687273,-0.49489548190635974,0.2185946767340812,-0.5235926535898368,1.7169101238250732
1780780890.3898973,4.00886205462185,-0.49488356271634165,0.21846313877605367,-0.5235926535898368,1.7407002449035645
1780780890.4132764,4.008876260755402,-0.49487536091727147,0.21875280407012385,-0.5235926535898345,1.7640793323516846
1780780890.433733,4.0089005790188095,-0.49486132095984803,0.2184852057143443,-0.5235926535898341,1.7845358848571777
1780780890.4564674,4.008919100696055,-0.49485062761569026,0.21851559409269639,-0.5235926535898319,1.8072702884674072
1780780890.4768002,4.0089344646490455,-0.4948417573587049,0.21880402530349158,-0.5235926535898332,1.8276031017303467
1780780890.503121,4.0089596672377645,-0.4948272068430434,0.21848980332498555,-0.5235926535898296,1.8539237976074219
1780780890.5272388,4.008978117421111,-0.4948165547753233,0.21855360133171375,-0.5235926535898319,1.8780417442321777
1780780890.5516076,4.008996538045947,-0.4948059197729764,0.21871638140771255,-0.5235926535898336,1.9024105072021484
1780780890.5761163,4.009020247063029,-0.4947922315591109,0.21848116794575595,-0.5235926535898341,1.9269192218780518
1780780890.5965178,4.0090363175168315,-0.49478295340945855,0.2187065052387248,-0.5235926535898332,1.9473206996917725
1780780890.620396,4.00905870172997,-0.4947700300606923,0.21865869613187422,-0.5235926535898328,1.9711987972259521
1780780890.6443398,4.00908212308742,-0.4947565079248442,0.21845653789810818,-0.5235926535898328,1.9951426982879639
1780780890.664515,4.009096850491359,-0.4947480051744303,0.2188023313695615,-0.5235926535898323,2.015317916870117
1780780890.6907833,4.009121643529087,-0.49473369110979937,0.21858895935970712,-0.523592653589831,2.04158616065979
1780780890.7110481,4.009142588038998,-0.4947215989623273,0.21854693907036996,-0.5235926535898305,2.0618510246276855
1780780890.738226,4.009158833659986,-0.49471221968128315,0.21883099069058212,-0.523592653589831,2.089028835296631
1780780890.7612033,4.009185199358659,-0.4946969976532709,0.21850169466985656,-0.5235926535898301,2.112006187438965
1780780890.7813935,4.009203363804661,-0.4946865105537514,0.2186214855678723,-0.5235926535898301,2.1321964263916016
1780780890.802918,4.009221503189343,-0.49467603792318804,0.21882245162469713,-0.5235926535898292,2.1537208557128906
1780780890.8257222,4.009246739496689,-0.4946614679403436,0.21852837481543813,-0.5235926535898288,2.176525115966797
1780780890.8445373,4.009264199169472,-0.49465138773607953,0.2186813189593582,-0.5235926535898292,2.195340156555176
1780780890.8663254,4.009285538221321,-0.49463906780293404,0.21868753247991732,-0.5235926535898292,2.217128276824951
1780780890.8868206,4.00930787517566,-0.4946261717386632,0.2185406640560045,-0.5235926535898292,2.237623453140259
1780780890.910034,4.0093229203000424,-0.4946174855548586,0.21884153421230143,-0.5235926535898341,2.2608368396759033
1780780890.9341319,4.00934699222734,-0.4946035878176443,0.21865077939171662,-0.5235926535898345,2.2849347591400146
1780780890.9542134,4.009368407640613,-0.4945912237978326,0.21853702523238863,-0.5235926535898341,2.305016279220581
1780780890.9771214,4.009382846417672,-0.49458288768387093,0.2188763654943259,-0.5235926535898363,2.3279242515563965
1780780890.9987833,4.009407352455464,-0.49456873931638956,0.2186012836362495,-0.5235926535898359,2.349586248397827
1780780891.0221589,4.009425641712323,-0.49455818015830694,0.21864830470909574,-0.523592653589835,2.3729617595672607
1780780891.0446985,4.0094419045221334,-0.49454879095343235,0.21887166881278086,-0.5235926535898359,2.3955013751983643
1780780891.0658214,4.009466479735846,-0.4945346026477781,0.21853454173565603,-0.5235926535898359,2.4166243076324463
1780780891.0872698,4.0094813705681975,-0.49452600554325904,0.21874322202119797,-0.5235926535898359,2.438072681427002
1780780891.1080835,4.009500139043348,-0.4945151697122788,0.21880172294953246,-0.5235926535898376,2.4588863849639893
1780780891.1305766,4.00952177647527,-0.494502677511753,0.21858196119647902,-0.5235926535898385,2.481379508972168
1780780891.152235,4.009535544082919,-0.494494728892151,0.21882363337048485,-0.5235926535898385,2.503037929534912
1780780891.173258,4.009556815199372,-0.49448244818096937,0.21867254902880576,-0.5235926535898385,2.5240609645843506
1780780891.194376,4.0095749531244005,-0.4944719763931242,0.218613968772981,-0.5235926535898376,2.5451788902282715
1780780891.2147558,4.0095870903154625,-0.49446496908166887,0.21893551913945777,-0.5235926535898376,2.565558671951294
1780780891.2360902,4.009609195666448,-0.494452206731765,0.2186554269300517,-0.5235926535898394,2.586893081665039
1780780891.258688,4.0096258669066485,-0.494442581722829,0.21862982141256354,-0.5235926535898385,2.6094908714294434
1780780891.2790234,4.009638235012643,-0.4944354410944608,0.21890754225209233,-0.5235926535898394,2.629826307296753
1780780891.3010516,4.009658887555038,-0.49442351751212915,0.218624435062142,-0.523592653589839,2.6518545150756836
1780780891.3209767,4.009671888248681,-0.4944160116642757,0.21875987806781216,-0.523592653589839,2.6717796325683594
1780780891.3422089,4.009686520341949,-0.4944075639407242,0.21886734908824224,-0.5235926535898399,2.69301176071167
1780780891.3636935,4.00970582209144,-0.4943964202280138,0.2185762240487604,-0.5235926535898385,2.714496374130249
1780780891.3841379,4.0097150897110625,-0.4943910696409775,0.21887299261591334,-0.5235926535898368,2.734940767288208
1780780891.405923,4.009731877104995,-0.4943813775716024,0.21877440456769684,-0.5235926535898345,2.756725788116455
1780780891.4260983,4.009747476750862,-0.494372371239197,0.21864239095170684,-0.5235926535898345,2.7769012451171875
1780780891.4495819,4.00975606964993,-0.49436741019674796,0.2189315004895999,-0.5235926535898323,2.800384759902954
1780780891.4726722,4.009774054577235,-0.4943570267409314,0.21866313811268012,-0.5235926535898323,2.8234751224517822
1780780891.4924593,4.009785699549584,-0.4943503036080645,0.2186926545062587,-0.5235926535898301,2.843262195587158
1780780891.5150487,4.009793601443112,-0.4943457415122102,0.2189800681236868,-0.5235926535898296,2.865851640701294
1780780891.5384088,4.009810660028094,-0.4943358928728238,0.2186646025322205,-0.5235926535898301,2.889211654663086
1780780891.5564873,4.009820448703835,-0.4943302414581515,0.21872703029771143,-0.5235926535898279,2.90729022026062
1780780891.5801053,4.00982961182584,-0.4943249512019923,0.2188882697812786,-0.5235926535898288,2.930908203125
1780780891.6001,4.0098434629790045,-0.4943169543480451,0.21865132922618463,-0.5235926535898292,2.9509029388427734
1780780891.6216226,4.0098491841434285,-0.4943136512789251,0.2188748374865905,-0.5235926535898279,2.9724254608154297
1780780891.643693,4.009860592387456,-0.49430706481928616,0.21882502366218,-0.5235926535898261,2.9944958686828613
1780780891.6635652,4.009872506271369,-0.4943001864324508,0.21862073865977166,-0.5235926535898261,3.0143680572509766
1780780891.6858075,4.009875266317197,-0.4942985929417789,0.21896435885473936,-0.5235926535898265,3.0366103649139404
1780780891.7061546,4.0098875318720255,-0.4942915115205163,0.21874868821607824,-0.5235926535898252,3.056957483291626
1780780891.7272344,4.009895423077498,-0.49428695559532637,0.218704343801399,-0.5235926535898239,3.0780372619628906
1780780891.7487845,4.009898200526606,-0.49428535205700863,0.21898606996569217,-0.5235926535898239,3.0995874404907227
1780780891.7691529,4.009910472330516,-0.4942782670278882,0.2186543025838397,-0.5235926535898243,3.1199557781219482
1780780891.7921357,4.009914144365165,-0.4942761470076683,0.2187715856365182,-0.5235926535898239,3.1429386138916016
1780780891.8130255,4.00991736929029,-0.49427428512260435,0.21896998717428434,-0.5235926535898239,3.1638283729553223
1780780891.835411,4.009927204581174,-0.4942686067950456,0.2186732270742199,-0.5235926535898239,3.186213970184326
1780780891.8568485,4.009928813530507,-0.49426767788084625,0.21882343381927535,-0.5235926535898234,3.207651376724243
1780780891.876833,4.009933845308537,-0.4942647728235181,0.21882674810660388,-0.5235926535898239,3.2276358604431152
1780780891.8994343,4.009939475654421,-0.4942615221877656,0.21867683447960445,-0.5235926535898239,3.250237226486206
1780780891.9242573,4.009937521453389,-0.4942626504303053,0.21897459942219735,-0.5235926535898221,3.2750601768493652
1780780891.946473,4.0099441397710756,-0.4942588293968289,0.21878056908963153,-0.5235926535898208,3.2972757816314697
1780780891.968042,4.009947706854209,-0.49425676996953793,0.21866342085784723,-0.5235926535898208,3.318844795227051
1780780891.9893384,4.0099439875298035,-0.49425891729212684,0.2189992461373105,-0.5235926535898208,3.3401412963867188
1780780892.0144472,4.009949989255649,-0.49425545224308465,0.2187205051160988,-0.5235926535898208,3.3652501106262207
1780780892.0350819,4.009949437519789,-0.494255770783428,0.21876381009207085,-0.523592653589819,3.3858847618103027
1780780892.0581055,4.00994660883311,-0.4942574039033543,0.2189834097603665,-0.5235926535898172,3.4089083671569824
1780780892.0804322,4.009951700478224,-0.49425446428223874,0.21864240946636276,-0.5235926535898181,3.4312350749969482
1780780892.1015036,4.009946891426207,-0.49425724075045907,0.2188471891214551,-0.5235926535898199,3.4523065090179443
1780780892.1230974,4.009945719776184,-0.49425791719335227,0.2189017622347814,-0.5235926535898212,3.473900318145752
1780780892.1443028,4.009947109407239,-0.49425711490083296,0.2186780391311683,-0.5235926535898221,3.495105743408203
1780780892.1680923,4.00994049090344,-0.49426093604175764,0.21891580318693488,-0.523592653589823,3.518895149230957
1780780892.1907008,4.00994106256109,-0.49426060599972577,0.2187607356814401,-0.5235926535898239,3.541503667831421
1780780892.2108033,4.009938329399249,-0.49426218396914084,0.21869814966428913,-0.5235926535898234,3.5616061687469482
1780780892.2339895,4.009929489932144,-0.4942672873656995,0.21901572766268157,-0.5235926535898217,3.584792375564575
1780780892.2582495,4.009930408956778,-0.49426675677408,0.21873160689599344,-0.523592653589823,3.6090524196624756
1780780892.2780805,4.009925714287424,-0.4942694672043749,0.2187019530911313,-0.523592653589823,3.6288833618164062
1780780892.300694,4.0099165979420075,-0.4942747304544418,0.21897555775660882,-0.523592653589823,3.6514968872070312
1780780892.3207407,4.009915681434622,-0.4942752595927459,0.21868826083890197,-0.5235926535898225,3.671543598175049
1780780892.3459516,4.009906984335149,-0.49428028079447706,0.21881948297731615,-0.5235926535898234,3.6967544555664062
1780780892.3691783,4.0098998789609785,-0.49428438302616834,0.21892267831962642,-0.5235926535898239,3.7199811935424805
1780780892.3960624,4.009897313905119,-0.4942858639409219,0.21862720009401554,-0.5235926535898217,3.7468652725219727
1780780892.4196155,4.009884694235819,-0.49429314980737965,0.21891954173058129,-0.5235926535898208,3.770418405532837
1780780892.4397492,4.009879594554799,-0.49429609406796243,0.2188164842055293,-0.5235926535898203,3.7905521392822266
1780780892.4652166,4.009873240092781,-0.49429976276644977,0.21867996858995795,-0.5235926535898199,3.8160195350646973
1780780892.487708,4.009859943961318,-0.4943074391829968,0.2189645901980359,-0.5235926535898163,3.8385109901428223
1780780892.5084467,4.009855983207321,-0.49430972589305183,0.21869169825555987,-0.5235926535898163,3.8592495918273926
1780780892.5320475,4.009845729297433,-0.49431564590698707,0.2187166757767324,-0.5235926535898154,3.882850408554077
1780780892.5530167,4.009831836745194,-0.4943236666623626,0.21899960657038986,-0.5235926535898154,3.9038195610046387
1780780892.5752108,4.00982715609661,-0.494326368997876,0.21867968833522772,-0.5235926535898154,3.926013708114624
1780780892.597383,4.009815232347554,-0.49433325308027415,0.2187377157974984,-0.523592653589815,3.948185920715332
1780780892.6189716,4.009802780842808,-0.4943404418582535,0.21889457528868295,-0.5235926535898123,3.9697744846343994
1780780892.6398997,4.009795131315865,-0.49434485825225294,0.2186532779549145,-0.5235926535898083,3.9907026290893555
1780780892.6601782,4.009779481599733,-0.4943538934923318,0.2188724534711938,-0.5235926535898079,4.01098108291626
1780780892.6820145,4.009769665532043,-0.4943595607215309,0.2188183300525903,-0.5235926535898092,4.032817363739014
1780780892.705717,4.009760516536907,-0.4943648428216544,0.21860976035999002,-0.5235926535898101,4.056519985198975
1780780892.7266636,4.0097423835912,-0.4943753117347261,0.2189491110659558,-0.5235926535898097,4.0774664878845215
1780780892.749756,4.009733901153107,-0.49438020900340335,0.21872917117008064,-0.5235926535898088,4.1005589962005615
1780780892.7704098,4.009721305980128,-0.4943874807271013,0.2186805522111506,-0.523592653589811,4.121212720870972
1780780892.7957067,4.009703759116533,-0.49439761127029197,0.21895798271646827,-0.5235926535898128,4.146509647369385
1780780892.8179765,4.009696013979428,-0.4944020828640641,0.218621975838812,-0.5235926535898137,4.168779373168945
1780780892.838789,4.009679900842091,-0.49441138565671816,0.2187350637863104,-0.5235926535898119,4.189591884613037
1780780892.8621287,4.009663551566793,-0.49442082478175997,0.2189292882407294,-0.5235926535898114,4.2129316329956055
1780780892.8822837,4.00965409525043,-0.4944262843113692,0.2186284078113165,-0.5235926535898123,4.233086585998535
1780780892.9056306,4.009636758665303,-0.4944362934519465,0.21877454028101903,-0.5235926535898128,4.256433486938477
1780780892.9299886,4.0096231529513116,-0.4944441486035236,0.21877388169527592,-0.5235926535898119,4.280791521072388
1780780892.9499395,4.009610457098957,-0.49445147845366594,0.21862009728948523,-0.5235926535898114,4.3007423877716064
1780780892.9733815,4.009590429656066,-0.494463041139733,0.2189140194266966,-0.5235926535898128,4.324184417724609
1780780892.9962626,4.0095793491772,-0.49446943836674273,0.21871624500164566,-0.5235926535898119,4.347065448760986
1780780893.014775,4.009565614370193,-0.4944773680491533,0.2185954331393442,-0.5235926535898106,4.365577936172485
1780780893.0361764,4.00954493195398,-0.494489308878899,0.21892768070252402,-0.523592653589811,4.386979341506958
1780780893.0565653,4.009534327314716,-0.4944954313836717,0.21864545798071422,-0.523592653589811,4.407368183135986
1780780893.0786812,4.009517586636466,-0.49450509648211727,0.21868532103609106,-0.5235926535898097,4.429484128952026
1780780893.1006095,4.00949890862197,-0.4945158800863527,0.21890151289653917,-0.5235926535898123,4.4514124393463135
1780780893.121135,4.0094886475219385,-0.4945218042514613,0.21855720818246788,-0.5235926535898119,4.471937894821167
1780780893.1451478,4.009468853968196,-0.49453323190347465,0.21875873017419423,-0.523592653589811,4.495950698852539
1780780893.1656303,4.009453097506374,-0.4945423287723351,0.21881009606496682,-0.523592653589811,4.516433238983154
1780780893.1913538,4.009440401131445,-0.4945496589241808,0.21858323819965864,-0.5235926535898114,4.54215669631958
1780780893.2130642,4.009420048854632,-0.49456140915054936,0.21881786321504532,-0.523592653589811,4.563867092132568
1780780893.2341297,4.009407443062126,-0.49456868700534895,0.21865978832746857,-0.5235926535898119,4.584932565689087
1780780893.2576625,4.009391965904925,-0.49457762261989074,0.21859428000887243,-0.5235926535898128,4.6084654331207275
1780780893.2783892,4.0093707682463675,-0.4945898609207352,0.21890896092900958,-0.5235926535898132,4.629192113876343
1780780893.3004935,4.0093598658059175,-0.49459615535867163,0.21862207404236275,-0.5235926535898137,4.651296377182007
1780780893.3226352,4.00934385395074,-0.4946053996768695,0.21858973244397298,-0.5235926535898132,4.67343807220459
1780780893.3439696,4.0093238901892185,-0.49461692559700043,0.21886076797898493,-0.5235926535898119,4.694772481918335
1780780893.3678732,4.009312611294691,-0.49462343737772496,0.21857105251555278,-0.5235926535898123,4.7186760902404785
1780780893.3888526,4.009294060561218,-0.4946341474972654,0.2186999254739472,-0.5235926535898114,4.739655494689941
1780780893.4108367,4.009277578243877,-0.49464366343307975,0.21880088398182085,-0.5235926535898097,4.761639595031738
1780780893.4337373,4.009266223829918,-0.49465021881435256,0.21850331809160511,-0.5235926535898088,4.784540176391602
1780780893.4545026,4.009245263675125,-0.4946623199942741,0.21879366855018087,-0.5235926535898079,4.805305480957031
1780780893.476902,4.00923235180516,-0.4946697745604794,0.2186887530804992,-0.5235926535898052,4.827704906463623
1780780893.4975507,4.00921874927533,-0.49467762787370584,0.21855047849288473,-0.5235926535898052,4.848353624343872
1780780893.5201092,4.009198635420277,-0.49468924044915363,0.2188333768622228,-0.5235926535898074,4.870912075042725
1780780893.542448,4.009188516247334,-0.494695082673776,0.21855893293971357,-0.5235926535898079,4.893250942230225
1780780893.5623994,4.009172582368333,-0.4947042819730433,0.2185824403744014,-0.5235926535898079,4.913202285766602
1780780893.5864222,4.009153474439138,-0.4947153137851357,0.2188639404191088,-0.523592653589807,4.937225103378296
1780780893.6069264,4.009144181022062,-0.49472067926612706,0.21854272525133256,-0.5235926535898061,4.957729339599609
1780780893.6304796,4.009128186207428,-0.4947299137460999,0.218599499858316,-0.523592653589807,4.981282472610474
1780780893.6521177,4.009112211842721,-0.4947391364194702,0.21875522271124,-0.5235926535898066,5.002920627593994
1780780893.67229,4.00910159978626,-0.49474526320650264,0.21851293107835615,-0.5235926535898057,5.023092985153198
1780780893.6958086,4.0090834651251015,-0.4947557331099788,0.21873119148047188,-0.5235926535898061,5.046611547470093
1780780893.719999,4.0090717626781105,-0.4947624894253761,0.21867631011543798,-0.5235926535898048,5.0708019733428955
1780780893.740037,4.009061254232811,-0.49476855639332246,0.21846710534663719,-0.5235926535898043,5.090839862823486
1780780893.7625802,4.009042233171773,-0.49477953805277086,0.21880589286650062,-0.5235926535898043,5.113383054733276
1780780893.782931,4.009033478240608,-0.494784592643172,0.21858556131866286,-0.5235926535898061,5.1337339878082275
1780780893.804892,4.00902110166632,-0.4947917381606428,0.21853664072989692,-0.5235926535898039,5.155694961547852
1780780893.8274326,4.009004272952172,-0.49480145408592136,0.21881385255708782,-0.5235926535898017,5.1782355308532715
1780780893.8469625,4.008997848454267,-0.4948051632190761,0.21847778811890461,-0.5235926535898021,5.197765350341797
1780780893.8694048,4.008983509025546,-0.49481344197505944,0.21859087163918567,-0.5235926535898026,5.220207691192627
1780780893.890055,4.00896946631923,-0.4948215494207056,0.2187851918451899,-0.5235926535898026,5.240857839584351
1780780893.91169,4.0089628759607425,-0.49482535431215696,0.2184845427847108,-0.5235926535898034,5.262492895126343
1780780893.9350214,4.008948855053661,-0.494833449172187,0.2186309568326592,-0.5235926535898017,5.285824298858643
1780780893.9566016,4.008939116907967,-0.4948390714137369,0.21863070058421435,-0.5235926535898017,5.307404518127441
1780780893.981776,4.008930784201553,-0.49484388223601095,0.21847741865765619,-0.5235926535898003,5.332578897476196
1780780894.004435,4.008915564651539,-0.4948526691230769,0.21877190233944566,-0.5235926535898003,5.35523796081543
1780780894.0313272,4.008909861366646,-0.4948559618695912,0.21857484368740934,-0.5235926535897999,5.382130146026611
1780780894.053983,4.008901957332939,-0.49486052520106305,0.21845483483619377,-0.5235926535897986,5.404785871505737
1780780894.074923,4.008887540144285,-0.4948688488511304,0.2187879567033511,-0.5235926535897977,5.425725936889648
1780780894.097507,4.008883748481131,-0.49487103793792186,0.2185067705619397,-0.5235926535897981,5.448309898376465
1780780894.1176605,4.008874234411053,-0.49487653081118266,0.2185477462921933,-0.5235926535897986,5.46846342086792
1780780894.1424751,4.0088632917161044,-0.4948828484897355,0.2187651964585964,-0.5235926535897977,5.4932780265808105
1780780894.165885,4.008861209304882,-0.49488405075341707,0.2184222989703881,-0.5235926535897972,5.516687870025635
1780780894.185995,4.0088499652172676,-0.49489054243864644,0.21862527460825903,-0.5235926535897972,5.536798000335693
1780780894.208681,4.008843291599881,-0.4948943953989669,0.21867824889604526,-0.5235926535897977,5.559484004974365
1780780894.2283578,4.0088400499779056,-0.494896266923826,0.21845310871295315,-0.5235926535897955,5.579160690307617
1780780894.2528188,4.008829569970859,-0.49490231747316926,0.2186895359305826,-0.5235926535897941,5.6036217212677
1780780894.2759361,4.008827250209066,-0.49490365676932957,0.21853335038807506,-0.5235926535897941,5.626739025115967
1780780894.2970755,4.008822427110579,-0.4949064413471692,0.21846976026991993,-0.5235926535897937,5.647878408432007
1780780894.31986,4.008812294193662,-0.4949122915067678,0.2187864275269959,-0.523592653589795,5.670662879943848
1780780894.3402371,4.008812902665036,-0.4949119402106224,0.21850164230819774,-0.5235926535897941,5.6910400390625
1780780894.3653717,4.008808667247729,-0.4949143854953728,0.21847142799221286,-0.5235926535897968,5.716174602508545
1780780894.3890948,4.008800823272741,-0.49491891415241634,0.21874460303716753,-0.5235926535897995,5.739897727966309
1780780894.4099376,4.008802117139806,-0.49491816714847925,0.21845712551161384,-0.5235926535898017,5.760740518569946
1780780894.4359784,4.008796367780393,-0.49492148649575385,0.21858828096539484,-0.5235926535898003,5.786781311035156
1780780894.4606845,4.008793091008355,-0.49492337831422534,0.2186916232178975,-0.5235926535898012,5.811487436294556
1780780894.4799035,4.008795212987611,-0.49492215320625105,0.21839652313937302,-0.523592653589803,5.830706357955933
1780780894.5024083,4.008787979635806,-0.4949263293248193,0.21868935785466664,-0.5235926535898057,5.853211164474487
1780780894.5235407,4.008789196595383,-0.49492562672281437,0.21858706405906056,-0.5235926535898034,5.874343633651733
1780780894.5469646,4.008789926760237,-0.4949252051678998,0.2184514953147898,-0.523592653589803,5.897767543792725
1780780894.5700634,4.008784435971692,-0.494928375231324,0.21873719863697336,-0.523592653589803,5.920866250991821
1780780894.590935,4.008789191023163,-0.4949256299398901,0.2184656537707976,-0.5235926535898026,5.94173789024353
1780780894.6114397,4.008788340232468,-0.4949261211371819,0.21849209638080005,-0.5235926535898021,5.962242603302002
1780780894.632636,4.008784592982651,-0.4949282845822852,0.2187766279275403,-0.5235926535898026,5.983438968658447
1780780894.6537845,4.008790919846283,-0.4949246318175085,0.21845854475872242,-0.5235926535898017,6.004587411880493
1780780894.6762211,4.008790654790885,-0.49492478484515107,0.21851848698915236,-0.5235926535898017,6.027024030685425
1780780894.6971705,4.008790613873934,-0.49492480846822895,0.2186773976823568,-0.5235926535898003,6.047973394393921
1780780894.7192285,4.008795986615542,-0.49492170655826984,0.21843748130869023,-0.5235926535898021,6.070031404495239
1780780894.7396438,4.008794318624253,-0.49492266955987435,0.2186598475224243,-0.5235926535898012,6.090446710586548
1780780894.764314,4.008799124086287,-0.4949198951643004,0.21860827195400578,-0.5235926535898008,6.115116834640503
1780780894.78616,4.008805201119858,-0.4949163866369374,0.2184023802714021,-0.5235926535897995,6.136962890625
1780780894.808101,4.008802869738678,-0.49491773264145844,0.21874444366081353,-0.5235926535898003,6.1589038372039795
1780780894.833024,4.00881101486347,-0.49491303011795307,0.2185274406916726,-0.5235926535897999,6.183826923370361
1780780894.8532298,4.0088155638574134,-0.4949104037922081,0.21848185844553655,-0.5235926535897981,6.20403265953064
1780780894.8770506,4.0088157960711985,-0.49491026972541163,0.21876244671664527,-0.5235926535897955,6.227853536605835
1780780894.9030092,4.008826477773723,-0.49490410272877505,0.21842978207682592,-0.5235926535897963,6.253812074661255
1780780894.9255962,4.008829286956617,-0.49490248086920546,0.21854625330776803,-0.5235926535897972,6.2763991355896
1780780894.9488304,4.008832504484717,-0.49490062325475376,0.21874402379809893,-0.5235926535897977,6.299633264541626
1780780894.969871,4.008843230466795,-0.49489443069366607,0.21844687586244804,-0.5235926535897972,6.320673942565918
1780780894.9957771,4.008846455338448,-0.4948925688394734,0.21859682308602355,-0.5235926535897959,6.3465800285339355
1780780895.0192075,4.008853994735215,-0.4948882160282607,0.21860011882621563,-0.5235926535897963,6.3700103759765625
1780780895.0403454,4.008862937896384,-0.49488305276475164,0.21845039592616342,-0.5235926535897963,6.391148328781128
1780780895.0609956,4.008865025190701,-0.49488184768185195,0.21874849985101089,-0.5235926535897928,6.411798477172852
1780780895.0812156,4.008876612842776,-0.4948751576423941,0.21855508713028773,-0.5235926535897941,6.432018518447876
1780780895.1045508,4.008885893514411,-0.49486979951988175,0.21843872419089075,-0.5235926535897937,6.455353736877441
1780780895.126989,4.008888605932134,-0.49486823352691917,0.21877546025337363,-0.5235926535897923,6.477791786193848
1780780895.1487427,4.008901944073668,-0.49486053285618764,0.2184978872315531,-0.5235926535897919,6.499545574188232
1780780895.1710036,4.008909416447736,-0.4948562187400026,0.2185424631513497,-0.5235926535897901,6.521806478500366
1780780895.194557,4.008915372137387,-0.494852780269595,0.21876346477813377,-0.5235926535897888,6.54535984992981
1780780895.2126663,4.008930087238026,-0.49484428462239455,0.21842407277616388,-0.5235926535897901,6.563469171524048
1780780895.2372012,4.008935528469715,-0.4948411431702284,0.2186305008824085,-0.523592653589791,6.588004112243652
1780780895.2578948,4.0089454131559865,-0.4948354363246335,0.2186868849594049,-0.5235926535897915,6.6086976528167725
1780780895.2814991,4.008958590972235,-0.49482782821644117,0.21846511533893512,-0.523592653589791,6.6323020458221436
1780780895.3036542,4.00896438595275,-0.4948244825301833,0.21870488919159292,-0.5235926535897888,6.654457092285156
1780780895.3242016,4.008978171730957,-0.49481652341995375,0.2185520269456279,-0.5235926535897857,6.675004482269287
1780780895.3473873,4.008989284933146,-0.4948101073003911,0.21849175030780638,-0.5235926535897852,6.698190212249756
1780780895.3678741,4.008994857386027,-0.4948068900887073,0.21881168018236466,-0.5235926535897848,6.718677043914795
1780780895.3933609,4.009010963570577,-0.4947975913101918,0.21853012365933658,-0.523592653589783,6.744163751602173
1780780895.415841,4.009022091359123,-0.49479116676931184,0.21850313796479504,-0.5235926535897844,6.76664400100708
1780780895.436893,4.009029397537169,-0.49478694860508726,0.21877957343890192,-0.5235926535897839,6.78769588470459
1780780895.46168,4.009045541806875,-0.4947776278384057,0.21849533482134417,-0.5235926535897861,6.812482833862305
1780780895.4819734,4.009054482496527,-0.49477246600180985,0.21862972354835003,-0.523592653589787,6.832776308059692
1780780895.5058281,4.009065584888502,-0.49476605612344055,0.2187362640215927,-0.5235926535897861,6.85663104057312
1780780895.5285273,4.00908188129042,-0.49475664752442716,0.21844434012635688,-0.5235926535897848,6.879330158233643
1780780895.5491002,4.009088579314904,-0.4947527804728624,0.21874036585699128,-0.5235926535897839,6.899903059005737
1780780895.5748525,4.009103368533236,-0.49474424203439643,0.21864117969013802,-0.5235926535897839,6.925655364990234
1780780895.597196,4.0091174540472965,-0.4947361098740366,0.21850866049414483,-0.5235926535897844,6.947999000549316
1780780895.6189797,4.009124990013757,-0.49473175904328487,0.2187973242571276,-0.5235926535897852,6.969782590866089
1780780895.6446347,4.009142493523518,-0.49472165353008773,0.21852866173113428,-0.5235926535897861,6.9954376220703125
1780780895.665295,4.00915410276506,-0.4947149510261193,0.2185579350131721,-0.5235926535897826,7.016097784042358
1780780895.6912775,4.009162449401683,-0.4947101321613495,0.21884517924940958,-0.5235926535897839,7.042080402374268
1780780895.7123935,4.009180511266287,-0.4946997042863924,0.21852968644627746,-0.5235926535897844,7.063196420669556
1780780895.7357183,4.0091917382244775,-0.49469322249070086,0.2185921411935431,-0.523592653589783,7.086521148681641
1780780895.7620184,4.00920283869804,-0.4946868137199101,0.21875350404728341,-0.5235926535897835,7.112821340560913
1780780895.7887492,4.00921913337237,-0.4946774061183066,0.21851680844955598,-0.5235926535897826,7.139552116394043
1780780895.8134387,4.009227720993868,-0.4946724481228199,0.21874062180316964,-0.523592653589783,7.164241552352905
1780780895.8340688,4.009242529783133,-0.49466389838523067,0.21869125124443783,-0.5235926535897826,7.184871673583984
1780780895.8564801,4.009258305911762,-0.494654790161895,0.21848751588158052,-0.5235926535897848,7.207283020019531
1780780895.8809757,4.00926533453097,-0.49465073224407524,0.21883174906265454,-0.5235926535897839,7.231778621673584
1780780895.9031565,4.0092823504757265,-0.4946409082226852,0.21861681917721248,-0.5235926535897861,7.25395941734314
1780780895.9268966,4.009295470343528,-0.4946333335705706,0.21857327560908243,-0.523592653589787,7.2776994705200195
1780780895.954479,4.00930384635247,-0.49462849774792256,0.21885584789195178,-0.5235926535897866,7.3052818775177
1780780895.9734602,4.0093222853352435,-0.49461785214676585,0.2185250917659391,-0.5235926535897857,7.324263095855713
1780780895.998403,4.009332496439699,-0.4946119568462085,0.21864346946494184,-0.5235926535897857,7.34920597076416
1780780896.0189102,4.009342647869321,-0.49460609599844574,0.2188430455754452,-0.5235926535897852,7.369713068008423
1780780896.0454001,4.009359863997058,-0.4945961564029905,0.21854758506485913,-0.5235926535897861,7.39620304107666
1780780896.0706327,4.009369291342637,-0.494590713599435,0.21869915315144728,-0.5235926535897861,7.421435594558716
1780780896.0920293,4.009382578246263,-0.49458304251050506,0.21870397147761228,-0.5235926535897892,7.4428322315216064
1780780896.1167948,4.009396855648246,-0.4945747995651683,0.2185556834396984,-0.5235926535897897,7.467597723007202
1780780896.1375906,4.009403843542131,-0.494570765159791,0.21885509564985298,-0.5235926535897897,7.488393545150757
1780780896.162005,4.00941985409472,-0.49456152159363354,0.2186628384707358,-0.5235926535897883,7.512807846069336
1780780896.1897955,4.009433219900545,-0.49455380495114293,0.21854753604955995,-0.5235926535897901,7.540598392486572
1780780896.2103868,4.009439626232131,-0.49455010630617124,0.21888527963679577,-0.5235926535897901,7.561189651489258
1780780896.236008,4.009456114894891,-0.49454058670687956,0.2186085662913544,-0.5235926535897923,7.586810827255249
1780780896.2605433,4.009466414655902,-0.4945346402211601,0.21865392556372892,-0.5235926535897919,7.611346244812012
1780780896.2844667,4.009474718150006,-0.494529846264383,0.21887561340384898,-0.5235926535897923,7.635269641876221
1780780896.3076081,4.009491368473331,-0.49452023333164047,0.21853680967470546,-0.5235926535897928,7.658411026000977
1780780896.3313596,4.009498376475174,-0.4945161873170925,0.21874382878481663,-0.5235926535897937,7.682162523269653
1780780896.3557787,4.009509307776949,-0.49450987621629916,0.21880069725191006,-0.5235926535897915,7.7065815925598145
1780780896.3779252,4.0095231598164345,-0.49450187885064295,0.21857934009657645,-0.5235926535897919,7.7287280559539795
1780780896.4020123,4.0095291973050315,-0.4944983931542578,0.21881946786689924,-0.5235926535897937,7.752815246582031
1780780896.427506,4.009542802258163,-0.494490538441958,0.2186668871686022,-0.5235926535897937,7.778308868408203
1780780896.4495256,4.009553340124613,-0.49448445448794265,0.2186068619840882,-0.5235926535897959,7.800328493118286
1780780896.4730673,4.0095579472574165,-0.4944817945961846,0.21892701391415176,-0.5235926535897955,7.8238701820373535
1780780896.496698,4.009572604983725,-0.49447333207360067,0.21864556010059227,-0.5235926535897963,7.847500801086426
1780780896.5206738,4.009581908222523,-0.49446796092211587,0.21861862096449863,-0.5235926535897972,7.871476650238037
1780780896.5437183,4.009586994245756,-0.49446502454674784,0.21889501990264285,-0.5235926535897977,7.894521236419678
1780780896.5641146,4.009600462687203,-0.4944572486483915,0.21861060152677156,-0.5235926535897986,7.914917469024658
1780780896.5862777,4.0096063707754634,-0.4944538376602691,0.2187447216078593,-0.5235926535897968,7.93708062171936
1780780896.607085,4.009614068940151,-0.4944493931856518,0.21885089444469144,-0.5235926535897955,7.957887887954712
1780780896.6334949,4.009626486312509,-0.4944422241137363,0.21855846615613625,-0.5235926535897941,7.984297752380371
1780780896.6585386,4.009628971173784,-0.4944407894986927,0.2188538893949511,-0.5235926535897928,8.009341478347778
1780780896.6798344,4.0096391555723345,-0.49443490961657977,0.21875397491828547,-0.5235926535897923,8.030637264251709
1780780896.7029328,4.009648208078366,-0.4944296832236779,0.21862062950774344,-0.5235926535897923,8.053735733032227
1780780896.7287526,4.009650421129486,-0.4944284055360837,0.21890842492345558,-0.5235926535897941,8.07955551147461
1780780896.7487936,4.00966210905523,-0.4944216576044121,0.21863873871297385,-0.5235926535897941,8.099596500396729
1780780896.7721543,4.0096675788423815,-0.4944184996659767,0.218666908834069,-0.5235926535897932,8.122957229614258
1780780896.7936754,4.009669489364805,-0.49441739664093565,0.2189530226535574,-0.523592653589795,8.14447832107544
1780780896.8164074,4.00968070548645,-0.4944109211016385,0.2186363020673639,-0.5235926535897959,8.167210340499878
1780780896.840435,4.009684718916466,-0.494408603979498,0.21869750802344687,-0.5235926535897955,8.191237926483154
1780780896.8602293,4.009688254857446,-0.49440656253188325,0.21885754690808293,-0.5235926535897963,8.211032152175903
1780780896.8823874,4.009696360747897,-0.4944018826600159,0.2186185511735708,-0.5235926535897955,8.233190298080444
1780780896.903023,4.009697068880393,-0.4944014738253097,0.21884187111416825,-0.5235926535897937,8.253825902938843
1780780896.9242413,4.009703358484336,-0.49439784257212005,0.21879104298158347,-0.5235926535897946,8.275044202804565
1780780896.9468808,4.009710249115161,-0.49439386432080373,0.21858578730934317,-0.5235926535897937,8.297683715820312
1780780896.9670765,4.009708130888032,-0.49439508726251685,0.218928447018778,-0.523592653589795,8.317879438400269
1780780896.9883826,4.009715702881652,-0.4943907156317691,0.2187118513728659,-0.5235926535897955,8.3391854763031
1780780897.008799,4.009719056002517,-0.49438877973390694,0.2186665928635472,-0.5235926535897955,8.359601974487305
1780780897.031958,4.0097174561820825,-0.4943897033776056,0.21894741248440613,-0.523592653589795,8.382761001586914
1780780897.0544999,4.009725541827865,-0.49438503519383686,0.21861477264149926,-0.5235926535897963,8.40530276298523
1780780897.0775454,4.00972518108941,-0.49438524346333546,0.218731186736591,-0.5235926535897946,8.428348302841187
1780780897.1032226,4.009724551811408,-0.49438560677202215,0.21892874208268007,-0.5235926535897941,8.454025506973267
1780780897.12324,4.009730722112746,-0.49438204439724975,0.21863117420826556,-0.5235926535897941,8.474042892456055
1780780897.1462357,4.009728825327494,-0.49438313949124335,0.21878059135709693,-0.5235926535897959,8.49703860282898
1780780897.169613,4.009730544546777,-0.49438214691356136,0.2187831609697488,-0.523592653589795,8.520415782928467
1780780897.1904287,4.009733041466085,-0.49438070533690887,0.21863254530698936,-0.5235926535897959,8.541231632232666
1780780897.2137158,4.009728119943091,-0.4943835467393617,0.2189296439433399,-0.5235926535897955,8.564518690109253
1780780897.233829,4.0097319793524795,-0.4943813185398153,0.2187350115471117,-0.5235926535897968,8.58463191986084
1780780897.259395,4.009732961550101,-0.4943807514757723,0.21861730727514042,-0.5235926535897963,8.61019778251648
1780780897.2816048,4.009726827912821,-0.4943842926828402,0.21895261716653797,-0.5235926535897977,8.632407665252686
1780780897.3024473,4.009730627472174,-0.4943820990372382,0.21867342656786737,-0.5235926535897972,8.653250217437744
1780780897.3272212,4.009728042414507,-0.49438359149987593,0.2187163184961703,-0.523592653589795,8.678024053573608
1780780897.3479736,4.009723367020844,-0.494386290801502,0.2189355450180822,-0.5235926535897946,8.698776483535767
1780780897.37231,4.009726818599106,-0.4943842980600373,0.21859422497420533,-0.5235926535897959,8.72311282157898
1780780897.396687,4.009720531539236,-0.49438792784442637,0.21879870094181417,-0.5235926535897972,8.747489929199219
1780780897.4170108,4.009718086524504,-0.49438933945438224,0.21885300896639026,-0.5235926535897972,8.767813682556152
1780780897.4383905,4.009718393444919,-0.4943891622563029,0.21862905344395842,-0.5235926535897995,8.789193391799927
1780780897.4630296,4.009710860467948,-0.49439351136109577,0.21886659385437957,-0.5235926535898003,8.813832521438599
1780780897.481827,4.00971072961282,-0.4943935869092711,0.2187113431203399,-0.5235926535898003,8.832629919052124
1780780897.5028148,4.009707468664144,-0.4943954695922498,0.21864859148334312,-0.5235926535898021,8.853617668151855
1780780897.5230412,4.009698274805646,-0.49440077759388157,0.2189660187364374,-0.5235926535898039,8.873844146728516
1780780897.5438812,4.00969905331681,-0.49440032812660634,0.2186817976848906,-0.5235926535898021,8.894684076309204
1780780897.5659554,4.00969438518283,-0.4944030232369108,0.21865206499173342,-0.523592653589803,8.916758298873901
1780780897.5857701,4.009685471640611,-0.49440816940015325,0.2189256211264018,-0.5235926535898021,8.936573028564453
1780780897.6075478,4.00968496116773,-0.4944084641176413,0.21863833208461572,-0.5235926535898021,8.958350658416748
1780780897.6281004,4.0096768293981135,-0.49441315893064264,0.21876959261822548,-0.5235926535898026,8.97890329360962
1780780897.649379,4.009670479635229,-0.4944168249161229,0.21887287870659872,-0.5235926535898021,9.000181913375854
1780780897.6725943,4.009668855373999,-0.494417762670524,0.2185775466849248,-0.5235926535897986,9.023397207260132
1780780897.696286,4.009657326960703,-0.4944244185089421,0.21887006695947903,-0.5235926535897995,9.047088861465454
1780780897.7181673,4.009653518848101,-0.4944266170926937,0.21876725052327833,-0.5235926535897972,9.068970203399658
1780780897.7380567,4.009648620930197,-0.49442944486693435,0.21863101915377967,-0.5235926535897963,9.088859558105469
1780780897.7620163,4.009636935937604,-0.4944361911051735,0.21891595602465905,-0.5235926535897963,9.112819194793701
1780780897.7842505,4.009634781634831,-0.49443743487487596,0.2186434352243435,-0.5235926535897968,9.135053396224976
1780780897.8067918,4.009626481207036,-0.494442227061344,0.21866880686940815,-0.5235926535897972,9.157594680786133
1780780897.831113,4.009614700789992,-0.4944490283921351,0.21895215599878623,-0.5235926535897986,9.181915998458862
1780780897.8511024,4.009612316452334,-0.4944504049706609,0.2186327007410726,-0.5235926535897986,9.201905250549316
1780780897.8723736,4.009602827688907,-0.49445588323332645,0.2186912011055212,-0.5235926535897968,9.2231764793396
1780780897.8955889,4.009592971182668,-0.4944615738094016,0.21884855544757795,-0.5235926535897981,9.246391773223877
1780780897.9172719,4.009588466017596,-0.49446417483089383,0.21860702868370646,-0.5235926535897995,9.268074750900269
1780780897.9401028,4.009575364886859,-0.4944717386653112,0.21882755801253606,-0.5235926535897999,9.290905714035034
1780780897.960141,4.009568650053194,-0.49447561542152474,0.21877408291539693,-0.5235926535897977,9.310943841934204
1780780897.9845665,4.009562682602792,-0.49447906068191094,0.21856618639371242,-0.5235926535897981,9.335369348526001
1780780898.00573,4.009547852737862,-0.49448762258736795,0.21890619613911164,-0.5235926535897999,9.35653281211853
1780780898.0280988,4.009542890946907,-0.4944904872382098,0.21868696732114862,-0.523592653589799,9.378901720046997
1780780898.049531,4.009533876672044,-0.4944956915586482,0.21863907781642464,-0.5235926535897986,9.400333881378174
1780780898.0720675,4.009520085135195,-0.4945036539935858,0.21891727224616803,-0.5235926535897986,9.422870397567749
1780780898.095574,4.009516185063545,-0.49450590566916824,0.21858204233806316,-0.5235926535897977,9.44637680053711
1780780898.120093,4.009504020575776,-0.4945129287401611,0.2186958825692309,-0.5235926535897968,9.470896005630493
1780780898.1406655,4.009491796348365,-0.4945199863013655,0.2188909025221243,-0.5235926535897977,9.49146842956543
1780780898.164242,4.00948659708098,-0.4945229880573492,0.21859085507115375,-0.5235926535897972,9.515044927597046
1780780898.1867878,4.009473533599343,-0.4945305301553558,0.21873783463953084,-0.5235926535897977,9.537590742111206
1780780898.206187,4.009464327958693,-0.49453584495932096,0.2187380328510809,-0.5235926535897968,9.556989908218384
1780780898.227116,4.009456133876905,-0.4945405757477604,0.218585109995841,-0.5235926535897959,9.577919006347656
1780780898.2476237,4.0094407462902,-0.4945494596494834,0.2188799551621064,-0.523592653589795,9.598426580429077
1780780898.2720294,4.009434416709415,-0.49455311398298873,0.21868314963175026,-0.5235926535897972,9.622832298278809
1780780898.2961013,4.009425454560253,-0.49455828820906444,0.21856332971976286,-0.5235926535897959,9.646904230117798
1780780898.3165398,4.009409621557264,-0.4945674292683628,0.21889656760040702,-0.5235926535897955,9.66734266281128
1780780898.3413284,4.009403965708426,-0.49457069462804604,0.2186153567314066,-0.5235926535897955,9.692131280899048
1780780898.3627546,4.009392240566656,-0.4945774640460939,0.21865623254996666,-0.5235926535897963,9.713557481765747
1780780898.3875053,4.009378651124549,-0.4945853098032277,0.218873447840389,-0.5235926535897955,9.738308191299438
1780780898.4099114,4.009373558664082,-0.49458824989508104,0.21853018971728796,-0.5235926535897937,9.760714292526245
1780780898.4328043,4.0093589839452,-0.49459666449398276,0.21873276623265728,-0.5235926535897932,9.783607244491577
1780780898.456847,4.009348514984494,-0.4946027086658098,0.21878521237391763,-0.5235926535897941,9.807649850845337
1780780898.479322,4.009341162913829,-0.49460695332577487,0.21855945877242525,-0.5235926535897963,9.830124855041504
1780780898.503084,4.009326196536488,-0.4946155940455965,0.21879520730525734,-0.523592653589795,9.853886842727661
1780780898.5260408,4.009319034231271,-0.49461972914597724,0.21863828624337653,-0.5235926535897937,9.876843690872192
1780780898.5475352,4.009309036993462,-0.4946255009723139,0.2185739526645317,-0.5235926535897932,9.898338079452515
1780780898.5700493,4.009293351588584,-0.49463455681700785,0.21888982707875015,-0.5235926535897923,9.920852184295654
1780780898.5907736,4.009288004932092,-0.49463764366693014,0.21860415749033976,-0.5235926535897928,9.941576480865479
1780780898.6124234,4.009277570920452,-0.49464366766119067,0.2185730443855586,-0.5235926535897919,9.963226318359375
1780780898.6350198,4.00926320657659,-0.49465196080173635,0.21884531607196597,-0.5235926535897932,9.985822677612305
1780780898.655919,4.009257552583064,-0.4946552250902687,0.21855684656037894,-0.5235926535897928,10.00672197341919
1780780898.6810467,4.009244635572466,-0.49466268262437774,0.21868696224417142,-0.5235926535897941,10.03184962272644
1780780898.7009802,4.009233799920302,-0.49466893850262444,0.2187891619201616,-0.5235926535897932,10.051783084869385
1780780898.7233267,4.0092280993436935,-0.4946722296855316,0.2184928340935139,-0.5235926535897932,10.074129581451416
1780780898.7461765,4.0092127888931826,-0.49468106905328185,0.21878441027427417,-0.5235926535897937,10.09697937965393
1780780898.769411,4.009205528023657,-0.494685261058989,0.21868071653448642,-0.523592653589795,10.120213985443115
1780780898.7932212,4.009197567074568,-0.4946898572501055,0.2185436552007962,-0.5235926535897937,10.144024133682251
1780780898.8134542,4.009183132404889,-0.49469819099270523,0.21882781099473986,-0.5235926535897959,10.164257049560547
1780780898.8371718,4.009178619694869,-0.49470079637021397,0.21855461181163,-0.5235926535897946,10.187974691390991
1780780898.8611104,4.00916826908246,-0.4947067722145861,0.21857935035544732,-0.5235926535897968,10.211913347244263
1780780898.8821297,4.009154771863617,-0.4947145647273448,0.2188621204101907,-0.5235926535897986,10.232932567596436
1780780898.9076111,4.009151057192949,-0.4947167093631334,0.21854218397365247,-0.523592653589799,10.258414030075073
1780780898.9321303,4.009140542746734,-0.49472277979566076,0.21860023991513994,-0.5235926535897963,10.282933235168457
1780780898.950411,4.009130010612099,-0.4947288604404596,0.21875721282341032,-0.5235926535897972,10.30121397972107
1780780898.9742684,4.009125194496336,-0.4947316409868781,0.21851539884997226,-0.5235926535897968,10.325071334838867
1780780898.994935,4.0091120684569495,-0.494739219202108,0.21873564884341518,-0.5235926535897972,10.345737934112549
1780780899.016824,4.009105715733004,-0.494742886897134,0.21868199859640647,-0.5235926535897972,10.367626905441284
1780780899.04208,4.009100440673133,-0.4947459324113121,0.21847399549402888,-0.5235926535897963,10.392882823944092
1780780899.0654664,4.009086597401885,-0.49475392471469587,0.21881393717541878,-0.5235926535897972,10.416269302368164
1780780899.0874064,4.009083008861944,-0.4947559965299045,0.21859474837090276,-0.5235926535897981,10.438209295272827
1780780899.1080577,4.009075671622976,-0.49476023262690577,0.2185469565527004,-0.5235926535897977,10.458860635757446
1780780899.1303697,4.009063866934184,-0.49476704797080034,0.21882530771954617,-0.5235926535897981,10.481172561645508
1780780899.1536534,4.009062326318873,-0.49476793743288905,0.21849034328617098,-0.523592653589799,10.504456281661987
1780780899.177483,4.009052798630025,-0.4947734381688387,0.21860449387206277,-0.5235926535897972,10.52828598022461
1780780899.1992004,4.009043538889771,-0.49477878420678206,0.21879989942180766,-0.5235926535897963,10.550003290176392
1780780899.2190387,4.009041646647309,-0.4947798766780333,0.2185003322403014,-0.5235926535897977,10.569841623306274
1780780899.2479334,4.009032161594832,-0.49478535279821073,0.21864783402923027,-0.5235926535897981,10.59873628616333
1780780899.269572,4.009026870023361,-0.49478840784523065,0.21864863634611648,-0.5235926535897986,10.620374917984009
1780780899.2912726,4.009022889229142,-0.494790706125352,0.21849638373712357,-0.5235926535897972,10.642075538635254
1780780899.3142152,4.009011982385948,-0.4947970031051776,0.2187919362711202,-0.5235926535897968,10.665018081665039
1780780899.3344631,4.009010476340292,-0.49479787260874947,0.21859592975537945,-0.5235926535897963,10.685266017913818
1780780899.357926,4.009006607075451,-0.49480010649826206,0.21847695546483958,-0.5235926535897981,10.708728790283203
1780780899.380315,4.008996124541296,-0.4948061585066138,0.21881107188888013,-0.523592653589799,10.731117963790894
1780780899.4037051,4.008996201767737,-0.4948061139205377,0.21853085304622077,-0.5235926535897981,10.754508018493652
1780780899.4279118,4.00899038912361,-0.49480946980474266,0.21857278410822464,-0.5235926535897977,10.778714656829834
1780780899.4484515,4.008983032951647,-0.49481371683255926,0.21879113824993332,-0.5235926535897977,10.799254417419434
1780780899.4716208,4.008984408939986,-0.4948129224165533,0.21844908888834325,-0.5235926535897999,10.822423696517944
1780780899.4965856,4.0089765168794065,-0.49481747883543425,0.21865287103068806,-0.5235926535897986,10.847388505935669
1780780899.5167658,4.008973063109453,-0.4948194728422541,0.2187066060744347,-0.5235926535897977,10.867568731307983
1780780899.541428,4.008972914335379,-0.4948195587357916,0.21848218845865428,-0.5235926535897981,10.892230987548828
1780780899.561994,4.008965411012018,-0.49482389072030736,0.2187193206084555,-0.5235926535897986,10.912796974182129
1780780899.586195,4.008965923441773,-0.4948235948730315,0.21856381264101898,-0.5235926535897995,10.936997890472412
1780780899.6083698,4.008963807989005,-0.49482481621298896,0.2185008927470343,-0.5235926535898008,10.95917272567749
1780780899.6297917,4.008956257071427,-0.49482917567564877,0.21881823556437716,-0.5235926535898017,10.980594635009766
1780780899.6531403,4.008959294007454,-0.4948274223246052,0.21853410756567387,-0.5235926535898017,11.00394320487976
1780780899.6757457,4.008957361068814,-0.4948285382914712,0.21850455938349717,-0.5235926535898034,11.026548624038696
1780780899.6960585,4.0089516858010334,-0.4948318148625264,0.2187784058202103,-0.5235926535898043,11.046861410140991
1780780899.7187436,4.00895499442002,-0.49482990465747123,0.21849157855650267,-0.523592653589803,11.069546461105347
1780780899.7401314,4.008951133488777,-0.4948321337356486,0.2186233845381011,-0.5235926535898017,11.09093427658081
1780780899.763032,4.008949595572605,-0.4948330216394099,0.2187273520834419,-0.5235926535898017,11.113834857940674
1780780899.7875528,4.008953308086601,-0.49483087824875854,0.21843284214946634,-0.5235926535898017,11.138355731964111
1780780899.8085132,4.008947540034162,-0.4948342083883037,0.21872624263185753,-0.5235926535898021,11.159316062927246
1780780899.8306081,4.0089500587003455,-0.4948327542562637,0.21862445814313797,-0.5235926535898021,11.181411027908325
1780780899.8529778,4.008951950733063,-0.49483166190610955,0.21848935067717642,-0.5235926535898017,11.20378065109253
1780780899.8804297,4.008947488068448,-0.494834238390299,0.2187754682650108,-0.523592653589803,11.231232643127441
1780780899.9042153,4.008953103892742,-0.49483099613847026,0.2185042714174524,-0.5235926535898026,11.25501823425293
1780780899.926161,4.00895298181526,-0.49483106661894105,0.21853101617495188,-0.5235926535898012,11.276963949203491
1780780899.9485495,4.008949820138915,-0.49483289198782315,0.21881580455341346,-0.5235926535898026,11.299352407455444
1780780899.9693236,4.008956566266106,-0.4948289971645404,0.21849792207521765,-0.5235926535898026,11.3201265335083
1780780899.9923744,4.008956589013897,-0.4948289840312833,0.21855803843734162,-0.5235926535898012,11.343177318572998
1780780900.0146565,4.008956684547847,-0.4948289288755106,0.21871709535605446,-0.5235926535898017,11.365459442138672
1780780900.0353847,4.008962043595116,-0.4948258348718713,0.21847728912383038,-0.5235926535898003,11.386187553405762
1780780900.0586114,4.008960221948649,-0.49482688658508067,0.21869977532818158,-0.5235926535898017,11.409414291381836
1780780900.0790384,4.008964713366129,-0.49482429350065077,0.21864829175324083,-0.5235926535898008,11.42984127998352
1780780900.1047392,4.008970332462884,-0.4948210493594924,0.21844248205720163,-0.5235926535898008,11.455542087554932
1780780900.1273665,4.0089674146709005,-0.49482273392366155,0.21878463660451516,-0.5235926535897995,11.478169441223145
1780780900.1474261,4.00897480473296,-0.4948184673296642,0.21856769494542244,-0.5235926535897995,11.498229026794434
1780780900.1730545,4.008978465818308,-0.49481635363093524,0.21852216799199586,-0.5235926535898003,11.523857355117798
1780780900.1965823,4.008977674594176,-0.4948168104379422,0.2188027990225314,-0.5235926535897986,11.547385215759277
1780780900.2233303,4.008987169874397,-0.49481132841285835,0.21847013399084403,-0.5235926535897999,11.574133157730103
1780780900.248157,4.008988671101286,-0.49481046169136267,0.2185865855892429,-0.5235926535898008,11.598959922790527
1780780900.268329,4.008990437057752,-0.4948094421303376,0.21878429489531004,-0.5235926535897995,11.619131803512573
1780780900.2920876,4.008999561162832,-0.49480417440028984,0.21848703240145229,-0.5235926535897999,11.642890453338623
1780780900.3128183,4.00900106491027,-0.4948033062235766,0.21863682721379626,-0.5235926535897995,11.663621187210083
1780780900.337859,4.009006735495123,-0.49480003235617104,0.21863991430402135,-0.5235926535897986,11.688661813735962
1780780900.359963,4.009013677941132,-0.49479602418976737,0.21848993325028063,-0.5235926535897986,11.710765838623047
1780780900.3837643,4.009013646369287,-0.4947960424175233,0.21878774116210395,-0.5235926535897995,11.734567165374756
1780780900.4058976,4.009022963403981,-0.4947906633010869,0.21859397801250396,-0.5235926535897999,11.75670051574707
1780780900.4304152,4.009029853890539,-0.49478668513306223,0.21847723209414197,-0.5235926535897999,11.7812180519104
1780780900.4491653,4.009030061452758,-0.4947865652986534,0.2188135658648194,-0.5235926535897999,11.799968242645264
1780780900.4723117,4.009040749197512,-0.4947803948135825,0.21853555176660644,-0.5235926535898017,11.82311463356018
1780780900.4939885,4.009045462883697,-0.4947776734040703,0.21857967953200505,-0.5235926535898008,11.844791412353516
1780780900.5205462,4.009048540011951,-0.49477589684836204,0.21880022456351286,-0.5235926535897999,11.871349096298218
1780780900.5437725,4.009060244395901,-0.49476913941467526,0.21846035354621796,-0.5235926535897995,11.894575357437134
1780780900.5642266,4.00906257856337,-0.4947677918015114,0.21866631288203886,-0.5235926535897977,11.915029525756836
1780780900.590497,4.009069231043541,-0.49476395104459564,0.21872221386697285,-0.523592653589795,11.94129991531372
1780780900.6128452,4.0090790645653,-0.49475827373842785,0.21849994816219825,-0.5235926535897955,11.963648080825806
1780780900.6372087,4.009081421165643,-0.4947569131738211,0.21873922537989843,-0.5235926535897955,11.988011598587036
1780780900.6615577,4.009091646943712,-0.49475100940157013,0.2185858372115715,-0.5235926535897946,12.012360572814941
1780780900.6848447,4.009099106495186,-0.49474670268840754,0.21852501771866353,-0.5235926535897941,12.035647630691528
